src,dst_blocktype,dst_name
01_OB1,FC,Diagnostic
01_OB1,FC,ST10_Main
01_OB1,FB,AutoProcessDataPopUp
01_OB1,FB,FB_MES_Monitoring
01_OB1,FC,FC_Teach_Recipe_Transfer
ST10_Main,FC,ST10_Input
ST10_Main,FC,ST10_Output
ST10_Main,FC,ST10_Auto
ST10_Main,FC,ST10_Manual
ST10_Main,FC,ST10_Alarm
ST10_Main,FC,ST10_Warning
ST10_Main,FC,ST10_Tip
ST10_Main,FC,CylinderCtrl_V2
ST10_Main,FC,ST10Cyl_interface1-10
ST10_Main,FC,ST10Cyl_interface11-20
ST10_Main,FC,ST10Cyl_interface21-30
ST10_Main,FC,ST10Cyl_interface31-40
ST10_Main,FC,ST10Cyl_interface41-50
ST10_Main,FC,ST10Cyl_interface51-60
ST10_Main,FC,ST10Cyl_interface61-70
ST10_Main,FC,ST10Cyl_interface71-80
ST10_Main,FC,ST10Cyl_interface81-90
ST10_Main,FC,ST10_ChangeOver
ST10_Main,FC,ST10_Device
ST10_Main,FC,MES
ST10_Main,FB,ST10_CountCycleTimeMain
ST10_Main,FB,SystemMode
ST10_Output,FB,FB_Tower_4Lamp
ST10_Flow6_ToolCodeScan,FB,SysFlowCtrlGraph
ST10_Flow1_A1TableScan,FB,SysFlowCtrlGraph
ST10_Flow2_A1TableUnloading,FB,SysFlowCtrlGraph
ST10_Flow3_A1RotaryShaftScan,FB,SysFlowCtrlGraph
ST10_Flow11_A2TableScan,FB,SysFlowCtrlGraph
ST10_Flow12_A2TableUnloading,FB,SysFlowCtrlGraph
ST10_Flow14_B2Press,FB,SysFlowCtrlGraph
ST10_Flow4_B1Press,FB,SysFlowCtrlGraph
ST10_Flow7_CGlueing,FB,SysFlowCtrlGraph
ST10_Flow15_FRobot_3,FB,SysFlowCtrlGraph
ST10_Flow5_FRobot_1,FB,SysFlowCtrlGraph
ST10_Flow8_FRobot_2,FB,SysFlowCtrlGraph
ST10_Flow21_HShaftLifting,FB,SysFlowCtrlGraph
ST10_Flow25_HShaftLoad&Unload,FB,SysFlowCtrlGraph
ST10_Flow22_JMagnetLifting,FB,SysFlowCtrlGraph
ST10_Flow26_JMagnetLoad&Unload,FB,SysFlowCtrlGraph
ST10_Flow24_LUnloadingTrans,FB,SysFlowCtrlGraph
ST10_Flow28_LUnloadingLoad&Unload,FB,SysFlowCtrlGraph
ST10_Flow23_KReserveLifting,FB,SysFlowCtrlGraph
ST10_Flow27_KReserveLoad&Unload,FB,SysFlowCtrlGraph
ST10_Alarm,FC,CheckData
ST10_Alarm,FC,CheckData
ST10_Alarm,FC,CheckData
ST10_Alarm,FC,CheckData
ST10_ChangeOver,FC,ChangeOver
ST10_CountCycleTimeMain,FB,Count_CycleTime
ST10_CountCycleTimeMain,FB,Count_CycleTime_V3
ST10_CountCycleTimeMain,FB,Count_CycleTime_V3
ST10_CountCycleTimeMain,FB,Count_CycleTime_V3
ST10_CountCycleTimeMain,FB,Count_CycleTime_V3
ST10_CountCycleTimeMain,FB,Count_CycleTime_V3
ST10_CountCycleTimeMain,FB,Count_CycleTime_V3
ST10_CountCycleTimeMain,FB,Count_CycleTime_V3
ST10_CountCycleTimeMain,FB,Count_CycleTime_V3
ST10_CountCycleTimeMain,FB,Count_CycleTime_V3
ST10_CountCycleTimeMain,FB,Count_CycleTime_V3
ST10_CountCycleTimeMain,FB,Count_CycleTime_V3
ST10_CountCycleTimeMain,FB,Count_CycleTime_V3
ST10_CountCycleTimeMain,FB,Count_CycleTime_V3
ST10_CountCycleTimeMain,FB,Count_CycleTime_V3
ST10_CountCycleTimeMain,FB,Count_CycleTime_V3
ST10_CountCycleTimeMain,FB,Count_CycleTime_V3
ST10_CountCycleTimeMain,FB,Count_CycleTime_V3
ST10_CountCycleTimeMain,FB,Count_CycleTime_V3
ST10_CountCycleTimeMain,FB,Count_CycleTime_V3
ST10_CountCycleTimeMain,FB,Count_CycleTime_V3
ST10_CountCycleTimeMain,FB,Count_CycleTime_V3
ST10_CountCycleTimeMain,FB,Count_CycleTime_V3
ST10_CountCycleTimeMain,FB,Count_CycleTime_V3
ST10_CountCycleTimeMain,FB,Count_CycleTime_V3
ST10_CountCycleTimeMain,FB,Count_CycleTime_V3
ST10_CountCycleTimeMain,FB,Count_CycleTime_V3
ST10_Device,FC,ST10_SafetyGate
ST10_Device,FC,ST10_PartData
ST10_Device,FC,ST10_Analog
ST10_Device,FC,CuringOven
ST10_Device,FC,IV3
ST10_Device,FC,IAI
ST10_Device,FC,KistlerPresser_Main
ST10_Device,FC,Robot
ST10_Device,FC,SR1000
ST10_Device,FC,Servo
ST10_Device,FC,Motorr
ST10_Device,FC,Stopper
ST10_Device,FC,Pilz
ST10_Device,FC,Gluing
ST10_Device,FC,Pallet_NG
ST10_SafetyGate,FB,SafetyGate
ST10_SafetyGate,FB,SafetyGate
ST10_SafetyGate,FB,SafetyGate
ST10_SafetyGate,FB,SafetyGate
ST10_SafetyGate,FB,SafetyGate
ST10_SafetyGate,FB,SafetyGate
ST10_SafetyGate,FB,SafetyGate
ST10_SafetyGate,FB,SafetyGate
ST10_SafetyGate,FB,SafetyGate
ST10_SafetyGate,FB,SafetyGate
ST10_SafetyGate,FB,SafetyGate
ST10_SafetyGate,FB,SafetyGate
ST10_SafetyGate,FB,SafetyGate
ST10_SafetyGate,FB,SafetyGate
ST10_SafetyGate,FB,SafetyGate
ST10_SafetyGate,FB,SafetyGate
ST10_SafetyGate,FB,SafetyGate
ST10_SafetyGate,FB,SafetyGate
ST10_Stopper_FB,FB,FB_Stopper
ST10_Stopper_FB,FB,FB_Stopper
ST10_Stopper_FB,FB,FB_Stopper
CuringOven,FB,ST10_FB_S7connect
SR1000,FB,KeyenceSR1000Ctrl
SR1000,FB,KeyenceSR1000Ctrl
SR1000,FB,KeyenceSR1000Ctrl
SR1000,FB,KeyenceSR1000Ctrl
SR1000,FB,KeyenceSR1000Ctrl
SR1000,FB,KeyenceSR1000Ctrl
SR1000,FB,KeyenceSR1000Ctrl
SR1000,FB,KeyenceSR1000Ctrl
Call_KeyenceCheckerIV,FB,FB_KeyenceCheckerIV3
Call_KeyenceCheckerIV,FB,FB_KeyenceCheckerIV3
IV3,FB,Call_KeyenceCheckerIV
Axis_FB,FB,IAI_BASE_FB
Axis_FB,FB,IAI_BASE_FB
Axis_FB,FB,IAI_BASE_FB
IAI,FB,IAI_Position
IAI,FB,Axis_FB
IAI_Position,FB,SevroStart&PosCheck_IAI
IAI_Position,FB,SevroStart&PosCheck_IAI
IAI_Position,FB,SevroStart&PosCheck_IAI
KistlerPresser_Main,FB,KistlerPresser _FB
KistlerPresser_Main,FB,KistlerPresser _FB
Robot,FB,KukaRobot1_Ctrl
Robot,FB,KukaRobot2_Ctrl
Robot,FB,KukaRobot3_Ctrl
Servo,FB,V90_Servo
V90_Servo,FB,fbV90Ctrl
V90_Servo,FB,fbV90Ctrl
V90_Servo,FB,fbV90Ctrl
V90_Servo,FB,fbV90Ctrl
V90_Servo,FB,SevroStart&PosCheck
V90_Servo,FB,SevroStart&PosCheck
V90_Servo,FB,SevroStart&PosCheck
V90_Servo,FB,SevroStart&PosCheck
块_1,FB,CheckPositioningOrder
fbV90Ctrl,FB,SINA_POS
fbV90Ctrl,FB,SINA_PARA_S
ST10_StopperCtrl,FB,StopperCtrl
ST10_StopperCtrl,FB,StopperCtrl
ST10_StopperCtrl,FB,StopperCtrl
ST10_StopperCtrl,FB,StopperCtrl
ST10_StopperCtrl,FB,StopperCtrl
ST10_StopperCtrl,FB,StopperCtrl
ST10_StopperCtrl,FB,StopperCtrl
ST10_StopperCtrl,FB,StopperCtrl
ST10_StopperCtrl,FB,StopperCtrl
ST10_StopperCtrl,FB,StopperCtrl
ST10_StopperCtrl,FB,StopperCtrl
ST10_StopperCtrl,FB,StopperCtrl
ST10_StopperCtrl,FB,StopperCtrl
ST10_StopperCtrl,FB,StopperCtrl
ST10_StopperCtrl,FB,StopperCtrl
ST10_StopperCtrl,FB,StopperCtrl
ST10_StopperCtrl,FB,StopperCtrl
ST10_StopperCtrl,FB,StopperCtrl
ST10_StopperCtrl,FB,StopperCtrl
ST10_StopperCtrl,FB,StopperCtrl
ST10_StopperCtrl,FB,StopperCtrl
ST10_StopperCtrl,FB,StopperCtrl
ST10_StopperCtrl,FB,StopperCtrl
ST10_StopperCtrl,FB,StopperCtrl
Pilz,FB,PilzData_fb
NG,FB,NGStatus
NG,FB,NGStatus
NG,FB,NGStatus
NG,FB,NGStatus
NG,FB,NGStatus
NG,FB,NGStatus
NG_BOXES,FB,FB_NG_Box_Control
NG_BOXES,FB,FB_NG_Box_Control
NG,FB,NGStatus
NG,FB,NGStatus
NG,FB,NGStatus
NG,FB,NGStatus
NG,FB,NGStatus
NG,FB,NGStatus
Motorr,FB,MotorContro
Motorr,FB,MotorContro
Motorr,FB,MotorContro
Motorr,FB,MotorContro
Motorr,FB,MotorContro
Motorr,FB,MotorContro
Motorr,FB,MotorContro
Motorr,FB,MotorContro
Motorr,FB,MotorContro
Motorr,FB,MotorContro
Motorr,FB,MotorContro
MES,FB,DT-Chars
MES,FB,MES_CHeck
MES_CHeck,FB,MES Check_fb
MES_CHeck,FB,MES Check_fb
MES_CHeck,FB,MES Check_fb
MES_CHeck,FB,MES Check_fb
