name,type,language,memory_layout,category,relpath
ATEQRecipe,PlcStruct,TYPE,,PLC data type,PLC data types/500 User/ATEQRecipe.xml
Check,PlcStruct,TYPE,,PLC data type,PLC data types/500 User/Check.xml
Cyl,PlcStruct,TYPE,,PLC data type,PLC data types/03 FunctionBlocks/101 Cylinder/101.1 UDT/Cyl.xml
FixtureCheck_UDT,PlcStruct,TYPE,,PLC data type,PLC data types/500 User/100 FixtureCheck/FixtureCheck_UDT.xml
HMI_Axis,PlcStruct,TYPE,,PLC data type,PLC data types/LXL/IAIStructS/HMI_Axis.xml
IAI Input Struct,PlcStruct,TYPE,,PLC data type,PLC data types/LXL/IAIStructS/IAI Input Struct.xml
IAI Output Struct,PlcStruct,TYPE,,PLC data type,PLC data types/LXL/IAIStructS/IAI Output Struct.xml
IAI Par Struct,PlcStruct,TYPE,,PLC data type,PLC data types/LXL/IAIStructS/IAI Par Struct.xml
KISTLER_HMI_DATA,PlcStruct,TYPE,,PLC data type,PLC data types/LXL/Kistler/06_KISTLER/KISTLER_HMI_DATA.xml
KISTLER_TO_PLC,PlcStruct,TYPE,,PLC data type,PLC data types/LXL/Kistler/06_KISTLER/KISTLER_TO_PLC.xml
KukaRobot_HMI,PlcStruct,TYPE,,PLC data type,PLC data types/LXL/KukaRobot/KukaRobot_HMI.xml
KukaRobot_SysInput,PlcStruct,TYPE,,PLC data type,PLC data types/LXL/KukaRobot/KukaRobot_SysInput.xml
KukaRobot_SysOutput,PlcStruct,TYPE,,PLC data type,PLC data types/LXL/KukaRobot/KukaRobot_SysOutput.xml
KukaRobot_UserInput_1,PlcStruct,TYPE,,PLC data type,PLC data types/LXL/KukaRobot/KukaRobot_UserInput_1.xml
KukaRobot_UserInput_2,PlcStruct,TYPE,,PLC data type,PLC data types/LXL/KukaRobot/KukaRobot_UserInput_2.xml
KukaRobot_UserInput_3,PlcStruct,TYPE,,PLC data type,PLC data types/LXL/KukaRobot/KukaRobot_UserInput_3.xml
KukaRobot_UserOutput_1,PlcStruct,TYPE,,PLC data type,PLC data types/LXL/KukaRobot/KukaRobot_UserOutput_1.xml
KukaRobot_UserOutput_2,PlcStruct,TYPE,,PLC data type,PLC data types/LXL/KukaRobot/KukaRobot_UserOutput_2.xml
KukaRobot_UserOutput_3,PlcStruct,TYPE,,PLC data type,PLC data types/LXL/KukaRobot/KukaRobot_UserOutput_3.xml
MaterialGateUDT,PlcStruct,TYPE,,PLC data type,PLC data types/03 FunctionBlocks/105 MaterialGate/MaterialGateUDT.xml
ModeGenStruct,PlcStruct,TYPE,,PLC data type,PLC data types/LXL/IAIStructS/ModeStructs/ModeGenStruct.xml
ModeOutStruct,PlcStruct,TYPE,,PLC data type,PLC data types/LXL/IAIStructS/ModeStructs/ModeOutStruct.xml
Motor_Control,PlcStruct,TYPE,,PLC data type,PLC data types/03 FunctionBlocks/202 Conveyer_Line/202.1 UDT/Motor_Control.xml
OP40_Data,PlcStruct,TYPE,,PLC data type,PLC data types/LXL/Kistler/OP40_Data.xml
PLC_TO_KISTLER,PlcStruct,TYPE,,PLC data type,PLC data types/LXL/Kistler/06_KISTLER/PLC_TO_KISTLER.xml
PartCodeStruct_UDT,PlcStruct,TYPE,,PLC data type,PLC data types/500 User/104 PartDataManage/104.1 UDT/PartCodeStruct_UDT.xml
PartDataHMI,PlcStruct,TYPE,,PLC data type,PLC data types/500 User/104 PartDataManage/104.1 UDT/PartDataHMI.xml
PartData_UDT,PlcStruct,TYPE,,PLC data type,PLC data types/500 User/104 PartDataManage/104.1 UDT/PartData_UDT.xml
PartStatus_Enum,PlcStruct,TYPE,,PLC data type,PLC data types/PartStatus_Enum.xml
PosList,PlcStruct,TYPE,,PLC data type,PLC data types/LXL/Sevro/PosList.xml
PosList_IAI,PlcStruct,TYPE,,PLC data type,PLC data types/LXL/Sevro/PosList_IAI.xml
PresserRecipe,PlcStruct,TYPE,,PLC data type,PLC data types/500 User/PresserRecipe.xml
ProcessDatad,PlcStruct,TYPE,,PLC data type,PLC data types/ProcessData/ProcessDatad.xml
RCS_CountCycleTime_V1,PlcStruct,TYPE,,PLC data type,PLC data types/00 Sys/UDT/RCS_CountCycleTime_V1.xml
RCS_KeyenceSR1000_HMI,PlcStruct,TYPE,,PLC data type,PLC data types/KeyenceSR1000/02_PLCDataType/RCS_KeyenceSR1000_HMI.xml
RCS_KeyenceSR1000_Input,PlcStruct,TYPE,,PLC data type,PLC data types/KeyenceSR1000/02_PLCDataType/RCS_KeyenceSR1000_Input.xml
RCS_KeyenceSR1000_Output,PlcStruct,TYPE,,PLC data type,PLC data types/KeyenceSR1000/02_PLCDataType/RCS_KeyenceSR1000_Output.xml
RCS_PMInterface_V1,PlcStruct,TYPE,,PLC data type,PLC data types/00 Sys/UDT/RCS_PMInterface_V1.xml
RCS_SysAlarmWarning_V1,PlcStruct,TYPE,,PLC data type,PLC data types/00 Sys/UDT/RCS_SysAlarmWarning_V1.xml
RCS_SysAuto_V1,PlcStruct,TYPE,,PLC data type,PLC data types/00 Sys/UDT/RCS_SysAuto_V1.xml
RCS_SysCmd_V1,PlcStruct,TYPE,,PLC data type,PLC data types/00 Sys/UDT/RCS_SysCmd_V1.xml
RCS_SysComInterface_V1,PlcStruct,TYPE,,PLC data type,PLC data types/00 Sys/UDT/RCS_SysComInterface_V1.xml
RCS_SysCount_V1,PlcStruct,TYPE,,PLC data type,PLC data types/00 Sys/UDT/RCS_SysCount_V1.xml
RCS_SysCycleTime_V1,PlcStruct,TYPE,,PLC data type,PLC data types/00 Sys/UDT/RCS_SysCycleTime_V1.xml
RCS_SysManual_V1,PlcStruct,TYPE,,PLC data type,PLC data types/00 Sys/UDT/RCS_SysManual_V1.xml
RCS_SysSafety_V1,PlcStruct,TYPE,,PLC data type,PLC data types/00 Sys/UDT/RCS_SysSafety_V1.xml
RCS_SysStatus_V1,PlcStruct,TYPE,,PLC data type,PLC data types/00 Sys/UDT/RCS_SysStatus_V1.xml
RCS_typeAteqF620Visual,PlcStruct,TYPE,,PLC data type,PLC data types/03 FunctionBlocks/211 ATEQ LeakTest/RCS_typeAteqF620Visual.xml
RecipeAxis,PlcStruct,TYPE,,PLC data type,PLC data types/500 User/210 Recipe/RecipeAxis.xml
ST_GeneralAnalog,PlcStruct,TYPE,,PLC data type,PLC data types/03 FunctionBlocks/212 Analog/212.1.1 UDT/ST_GeneralAnalog.xml
ST_Stopper,PlcStruct,TYPE,,PLC data type,PLC data types/03 FunctionBlocks/201 Stopper/201.1 UDT/ST_Stopper.xml
SafetyGateUDT,PlcStruct,TYPE,,PLC data type,PLC data types/03 FunctionBlocks/102 SafetyGate/102.1 UDT/SafetyGateUDT.xml
ServoType_UDT,PlcStruct,TYPE,,PLC data type,PLC data types/LXL/Sevro/ServoType_UDT.xml
StaProcessData,PlcStruct,TYPE,,PLC data type,PLC data types/500 User/StaProcessData.xml
TableProcessData,PlcStruct,TYPE,,PLC data type,PLC data types/LXL/TableProcessData.xml
UDT_Gripper_Fixture_Codes,PlcStruct,TYPE,,PLC data type,PLC data types/_PARAMETERS_RECIPES/UDT_Gripper_Fixture_Codes.xml
UDT_IAI_Axis_Positions,PlcStruct,TYPE,,PLC data type,PLC data types/_PARAMETERS_RECIPES/UDT_IAI_Axis_Positions.xml
UDT_LabelFeeder,PlcStruct,TYPE,,PLC data type,PLC data types/500 User/UDT_LabelFeeder.xml
UDT_MES_Monitoring,PlcStruct,TYPE,,PLC data type,PLC data types/MES/UDT_MES_Monitoring.xml
UDT_MES_Monitoring_station,PlcStruct,TYPE,,PLC data type,PLC data types/MES/UDT_MES_Monitoring_station.xml
UDT_Marking CharToASCII,PlcStruct,TYPE,,PLC data type,PLC data types/500 User/UDT_Marking CharToASCII.xml
UDT_Marking StringToChar,PlcStruct,TYPE,,PLC data type,PLC data types/500 User/UDT_Marking StringToChar.xml
UDT_Motion_Point_IAI,PlcStruct,TYPE,,PLC data type,PLC data types/_PARAMETERS_RECIPES/UDT_Motion_Point_IAI.xml
UDT_Motion_Point_V90,PlcStruct,TYPE,,PLC data type,PLC data types/_PARAMETERS_RECIPES/UDT_Motion_Point_V90.xml
UDT_OP10_Recipe_diff,PlcStruct,TYPE,,PLC data type,PLC data types/UDT_OP10_Recipe_diff.xml
UDT_OP10_Recipe_type,PlcStruct,TYPE,,PLC data type,PLC data types/_PARAMETERS_RECIPES/UDT_OP10_Recipe_type.xml
UDT_RECIPE,PlcStruct,TYPE,,PLC data type,PLC data types/_PARAMETERS_RECIPES/UDT_RECIPE.xml
UDT_Recipe_ATEQ,PlcStruct,TYPE,,PLC data type,PLC data types/_PARAMETERS_RECIPES/UDT_Recipe_ATEQ.xml
UDT_Recipe_PressCurve,PlcStruct,TYPE,,PLC data type,PLC data types/_PARAMETERS_RECIPES/UDT_Recipe_PressCurve.xml
UDT_StaProcessData,PlcStruct,TYPE,,PLC data type,PLC data types/500 User/UDT_StaProcessData.xml
UDT_StopperInterface,PlcStruct,TYPE,,PLC data type,PLC data types/RCS-PPK/51 Stopper/UDT/UDT_StopperInterface.xml
UDT_Stopper_FB,PlcStruct,TYPE,,PLC data type,PLC data types/03 FunctionBlocks/201 Stopper/UDT_Stopper_FB.xml
UDT_V90_Axis_Positions,PlcStruct,TYPE,,PLC data type,PLC data types/_PARAMETERS_RECIPES/UDT_V90_Axis_Positions.xml
WriteProcessData,PlcStruct,TYPE,,PLC data type,PLC data types/LXL/Kistler/WriteProcessData.xml
Default variable table,SW.Tags.PlcTagTable,TAGS,,PLC tags,PLC tags/Default variable table.xml
Flow,SW.Tags.PlcTagTable,TAGS,,PLC tags,PLC tags/constant/Flow.xml
IV3,SW.Tags.PlcTagTable,TAGS,,PLC tags,PLC tags/constant/IV3.xml
Lifting,SW.Tags.PlcTagTable,TAGS,,PLC tags,PLC tags/constant/Lifting.xml
MES_NGCode,SW.Tags.PlcTagTable,TAGS,,PLC tags,PLC tags/constant/MES_NGCode.xml
MES_TotalResult,SW.Tags.PlcTagTable,TAGS,,PLC tags,PLC tags/constant/MES_TotalResult.xml
Marking,SW.Tags.PlcTagTable,TAGS,,PLC tags,PLC tags/constant/Marking.xml
NGSensor,SW.Tags.PlcTagTable,TAGS,,PLC tags,PLC tags/NGSensor.xml
PLCIO_DI,SW.Tags.PlcTagTable,TAGS,,PLC tags,PLC tags/IO/PLCIO_DI.xml
PLCIO_DQ,SW.Tags.PlcTagTable,TAGS,,PLC tags,PLC tags/IO/PLCIO_DQ.xml
PartType,SW.Tags.PlcTagTable,TAGS,,PLC tags,PLC tags/constant/PartType.xml
ProcessResult,SW.Tags.PlcTagTable,TAGS,,PLC tags,PLC tags/constant/ProcessResult.xml
RFID,SW.Tags.PlcTagTable,TAGS,,PLC tags,PLC tags/constant/RFID.xml
RemoteIO_DI_1,SW.Tags.PlcTagTable,TAGS,,PLC tags,PLC tags/IO/RemoteIO_DI_1.xml
RemoteIO_DI_2,SW.Tags.PlcTagTable,TAGS,,PLC tags,PLC tags/IO/RemoteIO_DI_2.xml
RemoteIO_DO_1,SW.Tags.PlcTagTable,TAGS,,PLC tags,PLC tags/IO/RemoteIO_DO_1.xml
RemoteIO_DO_2,SW.Tags.PlcTagTable,TAGS,,PLC tags,PLC tags/IO/RemoteIO_DO_2.xml
STEP7 classic symbols,SW.Tags.PlcTagTable,TAGS,,PLC tags,PLC tags/STEP7 classic symbols.xml
TestResult,SW.Tags.PlcTagTable,TAGS,,PLC tags,PLC tags/constant/TestResult.xml
partstatus,SW.Tags.PlcTagTable,TAGS,,PLC tags,PLC tags/constant/partstatus.xml
AutoProcessDataPopUp,FB,SCL,Optimized,Program block,Program blocks/OP010/03_Auto/HMI/AutoProcessDataPopUp.xml
Axis_FB,FB,SCL,Standard,Program block,Program blocks/OP010/10_Device/22_IAI/Axis_FB.xml
Call_KeyenceCheckerIV,FB,SCL,Optimized,Program block,Program blocks/OP010/10_Device/21_IV3/Call_KeyenceCheckerIV.xml
CheckPositioningOrder,FB,LAD,Optimized,Program block,Program blocks/OP010/10_Device/25_V90/Patch/CheckPositioningOrder.xml
Count_CycleTime,FB,SCL,Optimized,Program block,Program blocks/00 Sys/FC&FB/Count_CycleTime.xml
Count_CycleTime_V3,FB,SCL,Optimized,Program block,Program blocks/00 Sys/FC&FB/Count_CycleTime_V3.xml
DT-Chars,FB,SCL,Standard,Program block,Program blocks/OP010/11_MES/DT-Chars.xml
FB_Analog,FB,LAD,Optimized,Program block,Program blocks/03_Device/212 Analog/FB_Analog.xml
FB_AteqF620,FB,SCL,Standard,Program block,Program blocks/03_Device/211 ATEQ LeakTest/FB_AteqF620.xml
FB_MES_Monitoring,FB,SCL,Optimized,Program block,Program blocks/__MES MONITORING/FB_MES_Monitoring.xml
FB_NG_Box_Control,FB,SCL,Optimized,Program block,Program blocks/OP010/10_Device/29_NG/FB_NG_Box_Control.xml
FB_Next,FB,SCL,Optimized,Program block,Program blocks/03 FunctionBlocks/999 Base/999.0 General/999.0.3 FB/FB_Next.xml
FB_Stopper,FB,LAD,Standard,Program block,Program blocks/03 FunctionBlocks/201 Stopper/201.3 FB/FB_Stopper.xml
FB_Tower_4Lamp,FB,LAD,Optimized,Program block,Program blocks/03 FunctionBlocks/003 Tower_Lamp/3.2Tower_4色塔灯/FB_Tower_4Lamp.xml
IAI_BASE_FB,FB,SCL,Standard,Program block,Program blocks/OP010/10_Device/22_IAI/IAI_BASE_FB.xml
IAI_Position,FB,LAD,Optimized,Program block,Program blocks/OP010/10_Device/22_IAI/IAI_Position.xml
KeyenceSR1000Ctrl,FB,SCL,Standard,Program block,Program blocks/KeyenceSR1000/01_ProgramBlocks/KeyenceSR1000Ctrl.xml
KistlerPresser _FB,FB,SCL,Standard,Program block,Program blocks/OP010/10_Device/23_Kistler/KistlerPresser _FB.xml
KukaRobot1_Ctrl,FB,SCL,Standard,Program block,Program blocks/OP010/10_Device/24_Robot/KukaRobot1_Ctrl.xml
KukaRobot2_Ctrl,FB,SCL,Standard,Program block,Program blocks/OP010/10_Device/24_Robot/KukaRobot2_Ctrl.xml
KukaRobot3_Ctrl,FB,SCL,Standard,Program block,Program blocks/OP010/10_Device/24_Robot/KukaRobot3_Ctrl.xml
MES Check_fb,FB,LAD,Optimized,Program block,Program blocks/OP010/11_MES/MES Check_fb.xml
MES_CHeck,FB,LAD,Optimized,Program block,Program blocks/OP010/11_MES/MES_CHeck.xml
MaterialGate,FB,LAD,Standard,Program block,Program blocks/03_Device/102 SafetyGate/MaterialGate.xml
MotorContro,FB,LAD,Optimized,Program block,Program blocks/03 FunctionBlocks/202 Conveyer_Line/202.3 FB/MotorContro.xml
NG,FB,LAD,Optimized,Program block,Program blocks/OP010/10_Device/29_NG/NG.xml
NG,FB,LAD,Optimized,Program block,Program blocks/OP010/10_Device/29_NG/OLD SHIT/NG.xml
NGStatus,FB,LAD,Optimized,Program block,Program blocks/OP010/10_Device/29_NG/NGStatus.xml
NGStatus,FB,LAD,Optimized,Program block,Program blocks/OP010/10_Device/29_NG/OLD SHIT/NGStatus.xml
NG_BOXES,FB,SCL,Optimized,Program block,Program blocks/OP010/10_Device/29_NG/NG_BOXES.xml
PartDataManage,FB,SCL,Optimized,Program block,Program blocks/500 User/104 PartDataManage/104.3 FB/PartDataManage.xml
SINA_PARA_S,FB,SCL,Optimized,Program block,Program blocks/OP010/10_Device/25_V90/V90_Standard/SINA_PARA_S.xml
SINA_POS,FB,SCL,Optimized,Program block,Program blocks/OP010/10_Device/25_V90/V90_Standard/SINA_POS.xml
ST10_CountCycleTimeMain,FB,LAD,Optimized,Program block,Program blocks/OP010/09_Count_CycleTime/ST10_CountCycleTimeMain.xml
ST10_FB_S7connect,FB,LAD,Optimized,Program block,Program blocks/OP010/10_Device/09_CuringOven/ST10_FB_S7connect.xml
ST10_Flow11_A2TableScan,FB,GRAPH,,Program block,Program blocks/OP010/03_Auto/A2_TableLoad&Scan/ST10_Flow11_A2TableScan.xml
ST10_Flow12_A2TableUnloading,FB,GRAPH,,Program block,Program blocks/OP010/03_Auto/A2_TableLoad&Scan/ST10_Flow12_A2TableUnloading.xml
ST10_Flow14_B2Press,FB,GRAPH,,Program block,Program blocks/OP010/03_Auto/B_Press/ST10_Flow14_B2Press.xml
ST10_Flow15_FRobot_3,FB,GRAPH,,Program block,Program blocks/OP010/03_Auto/F_Robot/ST10_Flow15_FRobot_3.xml
ST10_Flow1_A1TableScan,FB,GRAPH,,Program block,Program blocks/OP010/03_Auto/A1_TableLoad&Scan/ST10_Flow1_A1TableScan.xml
ST10_Flow21_HShaftLifting,FB,GRAPH,,Program block,Program blocks/OP010/03_Auto/H_ShaftLifting&Load&Unload/ST10_Flow21_HShaftLifting.xml
ST10_Flow22_JMagnetLifting,FB,GRAPH,,Program block,Program blocks/OP010/03_Auto/J_MagnetLifting&Load&Unload/ST10_Flow22_JMagnetLifting.xml
ST10_Flow23_KReserveLifting,FB,GRAPH,,Program block,Program blocks/OP010/03_Auto/L_Unload/K_ReserveLifting&Load&Unload/ST10_Flow23_KReserveLifting.xml
ST10_Flow24_LUnloadingTrans,FB,GRAPH,,Program block,Program blocks/OP010/03_Auto/L_Unload/ST10_Flow24_LUnloadingTrans.xml
ST10_Flow25_HShaftLoad&Unload,FB,GRAPH,,Program block,Program blocks/OP010/03_Auto/H_ShaftLifting&Load&Unload/ST10_Flow25_HShaftLoad&Unload.xml
ST10_Flow26_JMagnetLoad&Unload,FB,GRAPH,,Program block,Program blocks/OP010/03_Auto/J_MagnetLifting&Load&Unload/ST10_Flow26_JMagnetLoad&Unload.xml
ST10_Flow27_KReserveLoad&Unload,FB,GRAPH,,Program block,Program blocks/OP010/03_Auto/L_Unload/K_ReserveLifting&Load&Unload/ST10_Flow27_KReserveLoad&Unload.xml
ST10_Flow28_LUnloadingLoad&Unload,FB,GRAPH,,Program block,Program blocks/OP010/03_Auto/L_Unload/ST10_Flow28_LUnloadingLoad&Unload.xml
ST10_Flow2_A1TableUnloading,FB,GRAPH,,Program block,Program blocks/OP010/03_Auto/A1_TableLoad&Scan/ST10_Flow2_A1TableUnloading.xml
ST10_Flow3_A1RotaryShaftScan,FB,GRAPH,,Program block,Program blocks/OP010/03_Auto/A1_TableLoad&Scan/ST10_Flow3_A1RotaryShaftScan.xml
ST10_Flow4_B1Press,FB,GRAPH,,Program block,Program blocks/OP010/03_Auto/B_Press/ST10_Flow4_B1Press.xml
ST10_Flow5_FRobot_1,FB,GRAPH,,Program block,Program blocks/OP010/03_Auto/F_Robot/ST10_Flow5_FRobot_1.xml
ST10_Flow6_ToolCodeScan,FB,GRAPH,,Program block,Program blocks/OP010/03_Auto/01ChangeOver/ST10_Flow6_ToolCodeScan.xml
ST10_Flow7_CGlueing,FB,GRAPH,,Program block,Program blocks/OP010/03_Auto/C_Glue/ST10_Flow7_CGlueing.xml
ST10_Flow8_FRobot_2,FB,GRAPH,,Program block,Program blocks/OP010/03_Auto/F_Robot/ST10_Flow8_FRobot_2.xml
ST10_StopperCtrl,FB,LAD,Standard,Program block,Program blocks/OP010/10_Device/26_Stopper/ST10_StopperCtrl.xml
ST10_Stopper_FB,FB,LAD,Optimized,Program block,Program blocks/OP010/10_Device/06_Stopper/ST10_Stopper_FB.xml
SafetyGate,FB,LAD,Standard,Program block,Program blocks/03 FunctionBlocks/102 SafetyGate/102.3 FB/SafetyGate.xml
SevroStart&PosCheck,FB,LAD,Optimized,Program block,Program blocks/OP010/10_Device/25_V90/V90_Standard/ServoCheck/SevroStart&PosCheck.xml
SevroStart&PosCheck_IAI,FB,LAD,Optimized,Program block,Program blocks/OP010/10_Device/22_IAI/ServoCheck/SevroStart&PosCheck_IAI.xml
StopperCtrl,FB,LAD,Optimized,Program block,Program blocks/RCS-PPK/51 Stopper/PLC/StopperCtrl.xml
SysFlowCtrlGraph,FB,SCL,Optimized,Program block,Program blocks/00 Sys/FC&FB/SysFlowCtrlGraph.xml
SystemMode,FB,LAD,Optimized,Program block,Program blocks/00 Sys/FC&FB/SystemMode.xml
V90_Servo,FB,LAD,Optimized,Program block,Program blocks/OP010/10_Device/25_V90/V90_Servo.xml
fbV90Ctrl,FB,LAD,Standard,Program block,Program blocks/OP010/10_Device/25_V90/V90_Standard/fbV90Ctrl.xml
ChangeOver,FC,SCL,Standard,Program block,Program blocks/02_Comm/04-ChangeOver/ChangeOver.xml
ChangeOverProcess,FC,LAD,Optimized,Program block,Program blocks/OP010/03_Auto/01ChangeOver/ChangeOverProcess.xml
CheckData,FC,SCL,Standard,Program block,Program blocks/00 Sys/FC&FB/CheckData.xml
CuringOven,FC,LAD,Optimized,Program block,Program blocks/OP010/10_Device/09_CuringOven/CuringOven.xml
CylinderCtrl_V2,FC,SCL,Standard,Program block,Program blocks/03 FunctionBlocks/101 Cylinder/101.3 FB/CylinderCtrl_V2.xml
CylinderModule_V2,FC,LAD,Standard,Program block,Program blocks/03 FunctionBlocks/101 Cylinder/101.3 FB/CylinderModule_V2.xml
Diagnostic,FC,SCL,Standard,Program block,Program blocks/02_Comm/03-Diagnosis/Diagnostic.xml
FC_Save_Values_Final,FC,SCL,Optimized,Program block,Program blocks/__PARAMETERS/FC_Save_Values_Final.xml
FC_Teach_Recipe_Transfer,FC,SCL,Optimized,Program block,Program blocks/__PARAMETERS/FC_Teach_Recipe_Transfer.xml
FC_Write_Actual_Recipe_To_Devices,FC,SCL,Optimized,Program block,Program blocks/__PARAMETERS/FC_Write_Actual_Recipe_To_Devices.xml
Gluing,FC,LAD,Optimized,Program block,Program blocks/OP010/10_Device/28_Gluing/Gluing.xml
IAI,FC,LAD,Optimized,Program block,Program blocks/OP010/10_Device/22_IAI/IAI.xml
IV3,FC,LAD,Optimized,Program block,Program blocks/OP010/10_Device/21_IV3/IV3.xml
KistlerPresser_Main,FC,LAD,Optimized,Program block,Program blocks/OP010/10_Device/23_Kistler/KistlerPresser_Main.xml
MES,FC,LAD,Optimized,Program block,Program blocks/OP010/11_MES/MES.xml
Motorr,FC,LAD,Optimized,Program block,Program blocks/OP010/10_Device/31_Motor_1/Motorr.xml
Pilz,FC,LAD,Optimized,Program block,Program blocks/OP010/10_Device/27_Pilz/Pilz.xml
Robot,FC,LAD,Optimized,Program block,Program blocks/OP010/10_Device/24_Robot/Robot.xml
SR1000,FC,LAD,Optimized,Program block,Program blocks/OP010/10_Device/18_SR1000 Scan/SR1000.xml
ST10Cyl_interface1-10,FC,LAD,Standard,Program block,Program blocks/OP010/10_Device/01_Cylinder/ST10Cyl_interface1-10.xml
ST10Cyl_interface11-20,FC,LAD,Standard,Program block,Program blocks/OP010/10_Device/01_Cylinder/ST10Cyl_interface11-20.xml
ST10Cyl_interface21-30,FC,LAD,Standard,Program block,Program blocks/OP010/10_Device/01_Cylinder/ST10Cyl_interface21-30.xml
ST10Cyl_interface31-40,FC,LAD,Standard,Program block,Program blocks/OP010/10_Device/01_Cylinder/ST10Cyl_interface31-40.xml
ST10Cyl_interface41-50,FC,LAD,Standard,Program block,Program blocks/OP010/10_Device/01_Cylinder/ST10Cyl_interface41-50.xml
ST10Cyl_interface51-60,FC,LAD,Standard,Program block,Program blocks/OP010/10_Device/01_Cylinder/ST10Cyl_interface51-60.xml
ST10Cyl_interface61-70,FC,LAD,Standard,Program block,Program blocks/OP010/10_Device/01_Cylinder/ST10Cyl_interface61-70.xml
ST10Cyl_interface71-80,FC,LAD,Standard,Program block,Program blocks/OP010/10_Device/01_Cylinder/ST10Cyl_interface71-80.xml
ST10Cyl_interface81-90,FC,LAD,Standard,Program block,Program blocks/OP010/10_Device/01_Cylinder/ST10Cyl_interface81-90.xml
ST10Cyl_interface91-100,FC,LAD,Standard,Program block,Program blocks/OP010/10_Device/01_Cylinder/ST10Cyl_interface91-100.xml
ST10_Alarm,FC,LAD,Standard,Program block,Program blocks/OP010/05_Alarm/ST10_Alarm.xml
ST10_Analog,FC,SCL,Optimized,Program block,Program blocks/OP010/10_Device/08_PressureAanlog/ST10_Analog.xml
ST10_ChangeOver,FC,LAD,Standard,Program block,Program blocks/OP010/08_ChangeOver/ST10_ChangeOver.xml
ST10_Device,FC,LAD,Optimized,Program block,Program blocks/OP010/10_Device/ST10_Device.xml
ST10_Input,FC,LAD,Standard,Program block,Program blocks/OP010/01_Input/ST10_Input.xml
ST10_Main,FC,LAD,Standard,Program block,Program blocks/OP010/00_Main/ST10_Main.xml
ST10_Manual,FC,LAD,Standard,Program block,Program blocks/OP010/04_Manual/ST10_Manual.xml
ST10_Output,FC,LAD,Standard,Program block,Program blocks/OP010/02_Output/ST10_Output.xml
ST10_PartData,FC,SCL,Optimized,Program block,Program blocks/OP010/12_PartData/ST10_PartData.xml
ST10_SafetyGate,FC,SCL,Optimized,Program block,Program blocks/OP010/10_Device/03_SafetyGate/ST10_SafetyGate.xml
ST10_Tip,FC,LAD,Standard,Program block,Program blocks/OP010/07_Tip/ST10_Tip.xml
ST10_Warning,FC,LAD,Standard,Program block,Program blocks/OP010/06_Warning/ST10_Warning.xml
Servo,FC,LAD,Optimized,Program block,Program blocks/OP010/10_Device/25_V90/Servo.xml
Stopper,FC,LAD,Optimized,Program block,Program blocks/OP010/10_Device/26_Stopper/Stopper.xml
fcFixtureCheck,FC,LAD,Optimized,Program block,Program blocks/500 User/100 FixtureCheck/fcFixtureCheck.xml
块_1,FC,LAD,Optimized,Program block,Program blocks/OP010/10_Device/25_V90/Patch/块_1.xml
AutoProcessControl,GlobalDB,DB,Standard,Program block,Program blocks/OP010/03_Auto/AutoProcessControl.xml
AutoProcessData,GlobalDB,DB,Optimized,Program block,Program blocks/OP010/03_Auto/AutoProcessData.xml
AutoProcessData_Buffer,GlobalDB,DB,Standard,Program block,Program blocks/OP010/03_Auto/AutoProcessData_Buffer.xml
AutoProcessData_Buffer_Clear,GlobalDB,DB,Standard,Program block,Program blocks/OP010/03_Auto/AutoProcessData_Buffer_Clear.xml
AutoProcess_HMI,GlobalDB,DB,Optimized,Program block,Program blocks/OP010/03_Auto/HMI/AutoProcess_HMI.xml
ChangeOver_DB,GlobalDB,DB,Standard,Program block,Program blocks/OP010/03_Auto/01ChangeOver/ChangeOver_DB.xml
DATA,GlobalDB,DB,Optimized,Program block,Program blocks/OP010/10_Device/25_V90/Patch/DATA.xml
DB_ALL_PROCESS_PARAMETERS,GlobalDB,DB,Optimized,Program block,Program blocks/__PARAMETERS/DB_ALL_PROCESS_PARAMETERS.xml
DB_Commissioning,GlobalDB,DB,Optimized,Program block,Program blocks/Z_Reserve/DB_Commissioning.xml
DB_KeyenceCheckerIV3,GlobalDB,DB,Optimized,Program block,Program blocks/OP010/10_Device/21_IV3/DB_KeyenceCheckerIV3.xml
DB_MES_Monitoring,GlobalDB,DB,Optimized,Program block,Program blocks/__MES MONITORING/DB_MES_Monitoring.xml
DB_PARAMETERS_TEACH,GlobalDB,DB,Optimized,Program block,Program blocks/__PARAMETERS/DB_PARAMETERS_TEACH.xml
Debug,GlobalDB,DB,Optimized,Program block,Program blocks/OP010/10_Device/25_V90/Debug.xml
DiagnosticDataBlock,GlobalDB,DB,Standard,Program block,Program blocks/02_Comm/03-Diagnosis/DiagnosticDataBlock.xml
GeneralDebug,GlobalDB,DB,Optimized,Program block,Program blocks/GeneralDebug.xml
GluingControl,GlobalDB,DB,Standard,Program block,Program blocks/OP010/10_Device/28_Gluing/GluingControl.xml
HMISystemDB,GlobalDB,DB,Standard,Program block,Program blocks/OP010/10_Device/22_IAI/HMISystemDB.xml
IAI_A1,GlobalDB,DB,Standard,Program block,Program blocks/OP010/10_Device/22_IAI/IAI_A1.xml
IAI_A2,GlobalDB,DB,Standard,Program block,Program blocks/OP010/10_Device/22_IAI/IAI_A2.xml
IAI_A3,GlobalDB,DB,Standard,Program block,Program blocks/OP010/10_Device/22_IAI/IAI_A3.xml
IAI_DeviceCtl,GlobalDB,DB,Standard,Program block,Program blocks/OP010/10_Device/22_IAI/IAI_DeviceCtl.xml
KistlerPressData1,GlobalDB,DB,Standard,Program block,Program blocks/OP010/10_Device/23_Kistler/Kistler1/KistlerPressData1.xml
KistlerPressData2,GlobalDB,DB,Standard,Program block,Program blocks/OP010/10_Device/23_Kistler/Kistler2/KistlerPressData2.xml
KistlerPresser1_DB,GlobalDB,DB,Standard,Program block,Program blocks/OP010/10_Device/23_Kistler/Kistler1/KistlerPresser1_DB.xml
KistlerPresser2_DB,GlobalDB,DB,Standard,Program block,Program blocks/OP010/10_Device/23_Kistler/Kistler2/KistlerPresser2_DB.xml
MES_CheckControl,GlobalDB,DB,Standard,Program block,Program blocks/OP010/11_MES/MES_CheckControl.xml
MEStoPLC,GlobalDB,DB,Standard,Program block,Program blocks/OP010/11_MES/MEStoPLC.xml
ModeDB,GlobalDB,DB,Standard,Program block,Program blocks/OP010/10_Device/22_IAI/ModeDB.xml
MotorControl,GlobalDB,DB,Optimized,Program block,Program blocks/OP010/10_Device/31_Motor_1/MotorControl.xml
MotorData,GlobalDB,DB,Standard,Program block,Program blocks/OP010/10_Device/31_Motor_1/MotorData.xml
OP010_MES_RecipeDB,GlobalDB,DB,Standard,Program block,Program blocks/OP010/08_ChangeOver/MES/OP010_MES_RecipeDB.xml
OP10_GeneralAnalogDB,GlobalDB,DB,Optimized,Program block,Program blocks/OP010/10_Device/08_PressureAanlog/OP10_GeneralAnalogDB.xml
PLCtoMES,GlobalDB,DB,Standard,Program block,Program blocks/OP010/11_MES/PLCtoMES.xml
PalletNGData,GlobalDB,DB,Optimized,Program block,Program blocks/OP010/10_Device/29_NG/PalletNGData.xml
PalletNGData,GlobalDB,DB,Optimized,Program block,Program blocks/OP010/10_Device/29_NG/OLD SHIT/PalletNGData.xml
PalletRelease,GlobalDB,DB,Standard,Program block,Program blocks/OP010/03_Auto/PalletRelease.xml
Parameter,GlobalDB,DB,Optimized,Program block,Program blocks/OP010/08_ChangeOver/Parameter.xml
PartData_Interface_DB,GlobalDB,DB,Optimized,Program block,Program blocks/OP010/12_PartData/PartData_Interface_DB.xml
PilzData,GlobalDB,DB,Standard,Program block,Program blocks/OP010/10_Device/27_Pilz/PilzData.xml
ProcessData_1,GlobalDB,DB,Standard,Program block,Program blocks/OP010/10_Device/23_Kistler/ProcessData_1.xml
Robot_DB,GlobalDB,DB,Standard,Program block,Program blocks/OP010/10_Device/24_Robot/Robot_DB.xml
ST10Cylinder,GlobalDB,DB,Standard,Program block,Program blocks/OP010/10_Device/01_Cylinder/ST10Cylinder.xml
ST10_DBInterface_Stopper,GlobalDB,DB,Standard,Program block,Program blocks/OP010/10_Device/26_Stopper/ST10_DBInterface_Stopper.xml
ST10_DeviceError,GlobalDB,DB,Standard,Program block,Program blocks/OP010/05_Alarm/ST10_DeviceError.xml
ST10_GeneralData,GlobalDB,DB,Standard,Program block,Program blocks/OP010/00_Main/ST10_GeneralData.xml
ST10_GlobalError,GlobalDB,DB,Standard,Program block,Program blocks/OP010/05_Alarm/ST10_GlobalError.xml
ST10_PLC_GetDB,GlobalDB,DB,Standard,Program block,Program blocks/OP010/10_Device/09_CuringOven/ST10_PLC_GetDB.xml
ST10_PLC_PutDB,GlobalDB,DB,Standard,Program block,Program blocks/OP010/10_Device/09_CuringOven/ST10_PLC_PutDB.xml
ST10_PM,GlobalDB,DB,Standard,Program block,Program blocks/OP010/03_Auto/ST10_PM.xml
ST10_PMCountCycleTime,GlobalDB,DB,Standard,Program block,Program blocks/OP010/09_Count_CycleTime/ST10_PMCountCycleTime.xml
ST10_RecipeActiveDB,GlobalDB,DB,Standard,Program block,Program blocks/OP010/08_ChangeOver/ST10_RecipeActiveDB.xml
ST10_RecipeDB,GlobalDB,DB,Standard,Program block,Program blocks/OP010/08_ChangeOver/ST10_RecipeDB.xml
ST10_RecipeDB_HMI,GlobalDB,DB,Standard,Program block,Program blocks/OP010/08_ChangeOver/ST10_RecipeDB_HMI.xml
ST10_SafetyGate_InterfaceDB,GlobalDB,DB,Optimized,Program block,Program blocks/OP010/10_Device/03_SafetyGate/ST10_SafetyGate_InterfaceDB.xml
ST10_Stopper_InterfaceDB,GlobalDB,DB,Optimized,Program block,Program blocks/OP010/10_Device/06_Stopper/ST10_Stopper_InterfaceDB.xml
ST10_SysInput,GlobalDB,DB,Optimized,Program block,Program blocks/OP010/01_Input/ST10_SysInput.xml
ST10_SysOutput,GlobalDB,DB,Optimized,Program block,Program blocks/OP010/02_Output/ST10_SysOutput.xml
ST10_TipDB,GlobalDB,DB,Standard,Program block,Program blocks/OP010/07_Tip/ST10_TipDB.xml
ST10_WarningDB,GlobalDB,DB,Standard,Program block,Program blocks/OP010/06_Warning/ST10_WarningDB.xml
Scanner1LoadData,GlobalDB,DB,Standard,Program block,Program blocks/OP010/11_MES/Scanner1LoadData.xml
ServoV90_A1,GlobalDB,DB,Standard,Program block,Program blocks/OP010/10_Device/25_V90/ServoV90_A1.xml
ServoV90_A2,GlobalDB,DB,Standard,Program block,Program blocks/OP010/10_Device/25_V90/ServoV90_A2.xml
ServoV90_A3,GlobalDB,DB,Standard,Program block,Program blocks/OP010/10_Device/25_V90/ServoV90_A3.xml
ServoV90_A4,GlobalDB,DB,Standard,Program block,Program blocks/OP010/10_Device/25_V90/ServoV90_A4.xml
ServoV90_DeviceCtl,GlobalDB,DB,Standard,Program block,Program blocks/OP010/10_Device/25_V90/ServoV90_DeviceCtl.xml
Station1LoadData,GlobalDB,DB,Standard,Program block,Program blocks/OP010/11_MES/Station1LoadData.xml
Station1UnLoadData,GlobalDB,DB,Standard,Program block,Program blocks/OP010/11_MES/Station1UnLoadData.xml
Station2LoadData,GlobalDB,DB,Standard,Program block,Program blocks/OP010/11_MES/Station2LoadData.xml
Station2UnLoadData,GlobalDB,DB,Standard,Program block,Program blocks/OP010/11_MES/Station2UnLoadData.xml
Station3LoadData,GlobalDB,DB,Standard,Program block,Program blocks/OP010/11_MES/Station3LoadData.xml
Station3UnLoadData,GlobalDB,DB,Standard,Program block,Program blocks/OP010/11_MES/Station3UnLoadData.xml
Station4LoadData,GlobalDB,DB,Standard,Program block,Program blocks/OP010/11_MES/Station4LoadData.xml
Station4UnLoadData,GlobalDB,DB,Standard,Program block,Program blocks/OP010/11_MES/Station4UnLoadData.xml
Station5LoadData,GlobalDB,DB,Standard,Program block,Program blocks/OP010/11_MES/Station5LoadData.xml
Station5UnLoadData,GlobalDB,DB,Standard,Program block,Program blocks/OP010/11_MES/Station5UnLoadData.xml
Station6LoadData,GlobalDB,DB,Standard,Program block,Program blocks/OP010/11_MES/Station6LoadData.xml
Station6UnLoadData,GlobalDB,DB,Standard,Program block,Program blocks/OP010/11_MES/Station6UnLoadData.xml
Station7LoadData,GlobalDB,DB,Standard,Program block,Program blocks/OP010/11_MES/Station7LoadData.xml
Station7UnLoadData,GlobalDB,DB,Standard,Program block,Program blocks/OP010/11_MES/Station7UnLoadData.xml
Station8LoadData,GlobalDB,DB,Standard,Program block,Program blocks/OP010/11_MES/Station8LoadData.xml
Station8UnLoadData,GlobalDB,DB,Standard,Program block,Program blocks/OP010/11_MES/Station8UnLoadData.xml
Station_Sys,GlobalDB,DB,Standard,Program block,Program blocks/OP010/00_Main/Station_Sys.xml
Sys,GlobalDB,DB,Standard,Program block,Program blocks/02_Comm/06_SysDataBlock&Function/Sys.xml
TON,GlobalDB,DB,Optimized,Program block,Program blocks/OP010/03_Auto/TON.xml
AutoProcessDataPopUp_DB,InstanceDB,DB,,Program block,Program blocks/OP010/03_Auto/HMI/AutoProcessDataPopUp_DB.xml
Axis_FB_DB,InstanceDB,DB,,Program block,Program blocks/OP010/10_Device/22_IAI/Axis_FB_DB.xml
Call_KeyenceCheckerIV_DB,InstanceDB,DB,,Program block,Program blocks/OP010/10_Device/21_IV3/Call_KeyenceCheckerIV_DB.xml
CheckPositioningOrder_IDB,InstanceDB,DB,,Program block,Program blocks/OP010/10_Device/25_V90/Patch/CheckPositioningOrder_IDB.xml
DB_maXYmosNC1,InstanceDB,DB,,Program block,Program blocks/OP010/10_Device/23_Kistler/Kistler1/DB_maXYmosNC1.xml
DB_maXYmosNC2,InstanceDB,DB,,Program block,Program blocks/OP010/10_Device/23_Kistler/Kistler2/DB_maXYmosNC2.xml
DT-Chars_DB,InstanceDB,DB,,Program block,Program blocks/OP010/11_MES/DT-Chars_DB.xml
FB_MES_Monitoring_iDB,InstanceDB,DB,,Program block,Program blocks/OP010/11_MES/FB_MES_Monitoring_iDB.xml
IAI_Position_DB,InstanceDB,DB,,Program block,Program blocks/OP010/10_Device/22_IAI/IAI_Position_DB.xml
KeyenceSR1000Ctrl_800A1DB,InstanceDB,DB,,Program block,Program blocks/OP010/10_Device/18_SR1000 Scan/KeyenceSR1000Ctrl_800A1DB.xml
KeyenceSR1000Ctrl_801A1DB,InstanceDB,DB,,Program block,Program blocks/OP010/10_Device/18_SR1000 Scan/KeyenceSR1000Ctrl_801A1DB.xml
KeyenceSR1000Ctrl_802A1DB,InstanceDB,DB,,Program block,Program blocks/OP010/10_Device/18_SR1000 Scan/KeyenceSR1000Ctrl_802A1DB.xml
KeyenceSR1000Ctrl_803A1DB,InstanceDB,DB,,Program block,Program blocks/OP010/10_Device/18_SR1000 Scan/KeyenceSR1000Ctrl_803A1DB.xml
KeyenceSR1000Ctrl_804A1DB,InstanceDB,DB,,Program block,Program blocks/OP010/10_Device/18_SR1000 Scan/KeyenceSR1000Ctrl_804A1DB.xml
KeyenceSR1000Ctrl_805A1DB,InstanceDB,DB,,Program block,Program blocks/OP010/10_Device/18_SR1000 Scan/KeyenceSR1000Ctrl_805A1DB.xml
KeyenceSR1000Ctrl_806A1DB,InstanceDB,DB,,Program block,Program blocks/OP010/10_Device/18_SR1000 Scan/KeyenceSR1000Ctrl_806A1DB.xml
KeyenceSR1000Ctrl_807A1DB,InstanceDB,DB,,Program block,Program blocks/OP010/10_Device/18_SR1000 Scan/KeyenceSR1000Ctrl_807A1DB.xml
KukaRobot1_CtrlDB,InstanceDB,DB,,Program block,Program blocks/OP010/10_Device/24_Robot/KukaRobot1_CtrlDB.xml
KukaRobot2_CtrlDB,InstanceDB,DB,,Program block,Program blocks/OP010/10_Device/24_Robot/KukaRobot2_CtrlDB.xml
KukaRobot3_CtrlDB,InstanceDB,DB,,Program block,Program blocks/OP010/10_Device/24_Robot/KukaRobot3_CtrlDB.xml
MES_CHeck_DB,InstanceDB,DB,,Program block,Program blocks/OP010/11_MES/MES_CHeck_DB.xml
MotorContro_DB_1,InstanceDB,DB,,Program block,Program blocks/OP010/10_Device/31_Motor_1/MotorContro_DB_1.xml
MotorContro_DB_11,InstanceDB,DB,,Program block,Program blocks/OP010/10_Device/31_Motor_1/MotorContro_DB_11.xml
MotorContro_DB_12,InstanceDB,DB,,Program block,Program blocks/OP010/10_Device/31_Motor_1/MotorContro_DB_12.xml
MotorContro_DB_13,InstanceDB,DB,,Program block,Program blocks/OP010/10_Device/31_Motor_1/MotorContro_DB_13.xml
MotorContro_DB_14,InstanceDB,DB,,Program block,Program blocks/OP010/10_Device/31_Motor_1/MotorContro_DB_14.xml
MotorContro_DB_15,InstanceDB,DB,,Program block,Program blocks/OP010/10_Device/31_Motor_1/MotorContro_DB_15.xml
MotorContro_DB_16,InstanceDB,DB,,Program block,Program blocks/OP010/10_Device/31_Motor_1/MotorContro_DB_16.xml
MotorContro_DB_17,InstanceDB,DB,,Program block,Program blocks/OP010/10_Device/31_Motor_1/MotorContro_DB_17.xml
MotorContro_DB_2,InstanceDB,DB,,Program block,Program blocks/OP010/10_Device/31_Motor_1/MotorContro_DB_2.xml
MotorContro_DB_3,InstanceDB,DB,,Program block,Program blocks/OP010/10_Device/31_Motor_1/MotorContro_DB_3.xml
MotorContro_DB_4,InstanceDB,DB,,Program block,Program blocks/OP010/10_Device/31_Motor_1/MotorContro_DB_4.xml
NG_BOXES_DB,InstanceDB,DB,,Program block,Program blocks/OP010/10_Device/29_NG/NG_BOXES_DB.xml
NG_DB,InstanceDB,DB,,Program block,Program blocks/OP010/10_Device/29_NG/NG_DB.xml
NG_DB,InstanceDB,DB,,Program block,Program blocks/OP010/10_Device/29_NG/OLD SHIT/NG_DB.xml
PartDataManage_Part1_DB,InstanceDB,DB,,Program block,Program blocks/OP010/12_PartData/PartDataManage_Part1_DB.xml
PartDataManage_Part2_DB,InstanceDB,DB,,Program block,Program blocks/OP010/12_PartData/PartDataManage_Part2_DB.xml
PartDataManage_Part3_DB,InstanceDB,DB,,Program block,Program blocks/OP010/12_PartData/PartDataManage_Part3_DB.xml
PartDataManage_Part4_DB,InstanceDB,DB,,Program block,Program blocks/OP010/12_PartData/PartDataManage_Part4_DB.xml
ST10_CountCycleTimeMain_DB,InstanceDB,DB,,Program block,Program blocks/OP010/09_Count_CycleTime/ST10_CountCycleTimeMain_DB.xml
ST10_FB_S7connect_IDB,InstanceDB,DB,,Program block,Program blocks/OP010/10_Device/09_CuringOven/IDBs/ST10_FB_S7connect_IDB.xml
ST10_FB_Tower_4Lamp_DB,InstanceDB,DB,,Program block,Program blocks/OP010/02_Output/ST10_FB_Tower_4Lamp_DB.xml
ST10_Flow11_A2TableScan_iDB,InstanceDB,DB,,Program block,Program blocks/OP010/03_Auto/M_iDB/ST10_Flow11_A2TableScan_iDB.xml
ST10_Flow12_A2TableUnloading_iDB,InstanceDB,DB,,Program block,Program blocks/OP010/03_Auto/M_iDB/ST10_Flow12_A2TableUnloading_iDB.xml
ST10_Flow14_B2Press_iDB,InstanceDB,DB,,Program block,Program blocks/OP010/03_Auto/M_iDB/ST10_Flow14_B2Press_iDB.xml
ST10_Flow15_FRobot_3_iDB,InstanceDB,DB,,Program block,Program blocks/OP010/03_Auto/M_iDB/ST10_Flow15_FRobot_3_iDB.xml
ST10_Flow1_A1TableScan_iDB,InstanceDB,DB,,Program block,Program blocks/OP010/03_Auto/M_iDB/ST10_Flow1_A1TableScan_iDB.xml
ST10_Flow21_HShaftLifting_iDB,InstanceDB,DB,,Program block,Program blocks/OP010/03_Auto/M_iDB/ST10_Flow21_HShaftLifting_iDB.xml
ST10_Flow22_JMagnetLifting_iDB,InstanceDB,DB,,Program block,Program blocks/OP010/03_Auto/M_iDB/ST10_Flow22_JMagnetLifting_iDB.xml
ST10_Flow23_KReserveLifting_iDB,InstanceDB,DB,,Program block,Program blocks/OP010/03_Auto/M_iDB/ST10_Flow23_KReserveLifting_iDB.xml
ST10_Flow24_LUnloadingTrans_iDB,InstanceDB,DB,,Program block,Program blocks/OP010/03_Auto/M_iDB/ST10_Flow24_LUnloadingTrans_iDB.xml
ST10_Flow25_HShaftLoad&Unload_iDB,InstanceDB,DB,,Program block,Program blocks/OP010/03_Auto/M_iDB/ST10_Flow25_HShaftLoad&Unload_iDB.xml
ST10_Flow26_JMagnetLoad&Unload_iDB,InstanceDB,DB,,Program block,Program blocks/OP010/03_Auto/M_iDB/ST10_Flow26_JMagnetLoad&Unload_iDB.xml
ST10_Flow27_KReserveLoad&Unload_iDB,InstanceDB,DB,,Program block,Program blocks/OP010/03_Auto/M_iDB/ST10_Flow27_KReserveLoad&Unload_iDB.xml
ST10_Flow28_LUnloadingLoad&Unload_IiDB,InstanceDB,DB,,Program block,Program blocks/OP010/03_Auto/M_iDB/ST10_Flow28_LUnloadingLoad&Unload_IiDB.xml
ST10_Flow2_A1TableUnloading_iDB,InstanceDB,DB,,Program block,Program blocks/OP010/03_Auto/M_iDB/ST10_Flow2_A1TableUnloading_iDB.xml
ST10_Flow3_A1RotaryScan_iDB,InstanceDB,DB,,Program block,Program blocks/OP010/03_Auto/M_iDB/ST10_Flow3_A1RotaryScan_iDB.xml
ST10_Flow4_B1Press_iDB,InstanceDB,DB,,Program block,Program blocks/OP010/03_Auto/M_iDB/ST10_Flow4_B1Press_iDB.xml
ST10_Flow5_FRobot_1_iDB,InstanceDB,DB,,Program block,Program blocks/OP010/03_Auto/M_iDB/ST10_Flow5_FRobot_1_iDB.xml
ST10_Flow6_FixtureCodeScan_iDB,InstanceDB,DB,,Program block,Program blocks/OP010/03_Auto/M_iDB/ST10_Flow6_FixtureCodeScan_iDB.xml
ST10_Flow7_CGlueing_iDB,InstanceDB,DB,,Program block,Program blocks/OP010/03_Auto/M_iDB/ST10_Flow7_CGlueing_iDB.xml
ST10_Flow8_FRobot_2_iDB,InstanceDB,DB,,Program block,Program blocks/OP010/03_Auto/M_iDB/ST10_Flow8_FRobot_2_iDB.xml
ST10_MaterialGate1_DB,InstanceDB,DB,,Program block,Program blocks/OP010/10_Device/03_SafetyGate/ST10_MaterialGate1_DB.xml
ST10_MaterialGate2_DB,InstanceDB,DB,,Program block,Program blocks/OP010/10_Device/03_SafetyGate/ST10_MaterialGate2_DB.xml
ST10_MaterialGate3_DB,InstanceDB,DB,,Program block,Program blocks/OP010/10_Device/03_SafetyGate/ST10_MaterialGate3_DB.xml
ST10_MaterialGate4_DB,InstanceDB,DB,,Program block,Program blocks/OP010/10_Device/03_SafetyGate/ST10_MaterialGate4_DB.xml
ST10_MaterialGate5_DB,InstanceDB,DB,,Program block,Program blocks/OP010/10_Device/03_SafetyGate/ST10_MaterialGate5_DB.xml
ST10_MaterialGate6_DB,InstanceDB,DB,,Program block,Program blocks/OP010/10_Device/03_SafetyGate/ST10_MaterialGate6_DB.xml
ST10_MaterialGate7_DB,InstanceDB,DB,,Program block,Program blocks/OP010/10_Device/03_SafetyGate/ST10_MaterialGate7_DB.xml
ST10_NGGate1_DB,InstanceDB,DB,,Program block,Program blocks/OP010/10_Device/03_SafetyGate/ST10_NGGate1_DB.xml
ST10_NGGate2_DB,InstanceDB,DB,,Program block,Program blocks/OP010/10_Device/03_SafetyGate/ST10_NGGate2_DB.xml
ST10_SafetyGate1_DB,InstanceDB,DB,,Program block,Program blocks/OP010/10_Device/03_SafetyGate/ST10_SafetyGate1_DB.xml
ST10_SafetyGate2_DB,InstanceDB,DB,,Program block,Program blocks/OP010/10_Device/03_SafetyGate/ST10_SafetyGate2_DB.xml
ST10_SafetyGate3_DB,InstanceDB,DB,,Program block,Program blocks/OP010/10_Device/03_SafetyGate/ST10_SafetyGate3_DB.xml
ST10_SafetyGate4_DB,InstanceDB,DB,,Program block,Program blocks/OP010/10_Device/03_SafetyGate/ST10_SafetyGate4_DB.xml
ST10_SafetyGate5_DB,InstanceDB,DB,,Program block,Program blocks/OP010/10_Device/03_SafetyGate/ST10_SafetyGate5_DB.xml
ST10_SafetyGate6_DB,InstanceDB,DB,,Program block,Program blocks/OP010/10_Device/03_SafetyGate/ST10_SafetyGate6_DB.xml
ST10_SafetyGate7_DB,InstanceDB,DB,,Program block,Program blocks/OP010/10_Device/03_SafetyGate/ST10_SafetyGate7_DB.xml
ST10_SafetyGate8_DB,InstanceDB,DB,,Program block,Program blocks/OP010/10_Device/03_SafetyGate/ST10_SafetyGate8_DB.xml
ST10_SafetyGate9_DB,InstanceDB,DB,,Program block,Program blocks/OP010/10_Device/03_SafetyGate/ST10_SafetyGate9_DB.xml
ST10_StopperCtrl_DB,InstanceDB,DB,,Program block,Program blocks/OP010/10_Device/26_Stopper/ST10_StopperCtrl_DB.xml
ST10_Stopper_FB_DB,InstanceDB,DB,,Program block,Program blocks/OP010/10_Device/06_Stopper/ST10_Stopper_FB_DB.xml
ST10_SystemModeFB_iDB,InstanceDB,DB,,Program block,Program blocks/OP010/00_Main/iDB/ST10_SystemModeFB_iDB.xml
V90Servo_DB,InstanceDB,DB,,Program block,Program blocks/OP010/10_Device/25_V90/V90Servo_DB.xml
01_OB1,OB,LAD,Standard,Program block,Program blocks/01_OB/01_OB1.xml
02_Warm Restart,OB,LAD,Standard,Program block,Program blocks/01_OB/02_Warm Restart.xml
03_CYC_INT2,OB,LAD,Standard,Program block,Program blocks/01_OB/03_CYC_INT2.xml
04_CYC_INT5,OB,LAD,Standard,Program block,Program blocks/01_OB/04_CYC_INT5.xml
05_MOD_ERR,OB,STL,Standard,Program block,Program blocks/01_OB/05_MOD_ERR.xml
07_CYCL_FLT,OB,STL,Standard,Program block,Program blocks/01_OB/07_CYCL_FLT.xml
08_HW_INT0,OB,LAD,Standard,Program block,Program blocks/01_OB/08_HW_INT0.xml
09_I/O_FLT1,OB,STL,Standard,Program block,Program blocks/01_OB/09_IO_FLT1.xml
11_PROG_ERR,OB,STL,Standard,Program block,Program blocks/01_OB/11_PROG_ERR.xml
12_RACK_FLT,OB,STL,Standard,Program block,Program blocks/01_OB/12_RACK_FLT.xml
