block,symbol,top
ST10_Alarm,AlwaysFALSE,AlwaysFALSE
ST10_Alarm,AlwaysTRUE,AlwaysTRUE
ST10_Alarm,AutoProcessControl.Global.ALL_BeltPalletEmptyFinish,AutoProcessControl
ST10_Alarm,AutoProcessControl.Status.A1TableScan.Status,AutoProcessControl
ST10_Alarm,AutoProcessControl.Status.A2TableScan.Status,AutoProcessControl
ST10_Alarm,AutoProcessControl.Status.B1Press.Status,AutoProcessControl
ST10_Alarm,AutoProcessControl.Status.B2Press.Status,AutoProcessControl
ST10_Alarm,AutoProcessControl.Status.CGlueing.Status,AutoProcessControl
ST10_Alarm,AutoProcessControl.Status.ENG_1.Status,AutoProcessControl
ST10_Alarm,AutoProcessControl.Status.ENG_2.Status,AutoProcessControl
ST10_Alarm,AutoProcessControl.Status.FRobot_1.Status,AutoProcessControl
ST10_Alarm,AutoProcessControl.Status.FRobot_2.Status,AutoProcessControl
ST10_Alarm,AutoProcessControl.Status.FRobot_3.Status,AutoProcessControl
ST10_Alarm,AutoProcessControl.Status.HShaftLifting.Status,AutoProcessControl
ST10_Alarm,AutoProcessControl.Status.JMagnetLifting.Status,AutoProcessControl
ST10_Alarm,AutoProcessControl.Status.KReserveLifting.Status,AutoProcessControl
ST10_Alarm,AutoProcessControl.Status.LUnloadingTrans.Status,AutoProcessControl
ST10_Alarm,AutoProcessControl.Status.Solidify.Status,AutoProcessControl
ST10_Alarm,Axis_FB_DB.IAI_Axis.Error,Axis_FB_DB
ST10_Alarm,ChangeOver_DB.Global.ChangeOverSelected,ChangeOver_DB
ST10_Alarm,DB_KeyenceCheckerIV3.aDev.Common.bError,DB_KeyenceCheckerIV3
ST10_Alarm,DB_maXYmosNC1.oError,DB_maXYmosNC1
ST10_Alarm,DB_maXYmosNC1.oReady,DB_maXYmosNC1
ST10_Alarm,DB_maXYmosNC2.oError,DB_maXYmosNC2
ST10_Alarm,DB_maXYmosNC2.oReady,DB_maXYmosNC2
ST10_Alarm,DiagnosticDataBlock.DP.Status,DiagnosticDataBlock
ST10_Alarm,DiagnosticDataBlock.Profinet.Status,DiagnosticDataBlock
ST10_Alarm,GluingControl.Input.GluingDeviceReady,GluingControl
ST10_Alarm,GluingControl.Input.GluingFault,GluingControl
ST10_Alarm,GluingControl.Input.GluingRefillTank,GluingControl
ST10_Alarm,GluingControl.Input.GluingTankEmpty,GluingControl
ST10_Alarm,GluingControl.Output.GluingPro_X,GluingControl
ST10_Alarm,H-shaftPalletEmptyCheck1,H-shaftPalletEmptyCheck1
ST10_Alarm,H-shaftPalletEmptyCheck2,H-shaftPalletEmptyCheck2
ST10_Alarm,H-shaftPalletEmptyCheck3,H-shaftPalletEmptyCheck3
ST10_Alarm,J-mganePalletEmptyCheck1,J-mganePalletEmptyCheck1
ST10_Alarm,J-mganePalletEmptyCheck2,J-mganePalletEmptyCheck2
ST10_Alarm,J-mganePalletEmptyCheck3,J-mganePalletEmptyCheck3
ST10_Alarm,K-reservePalletEmptyCheck1,K-reservePalletEmptyCheck1
ST10_Alarm,K-reservePalletEmptyCheck2,K-reservePalletEmptyCheck2
ST10_Alarm,K-reservePalletEmptyCheck3,K-reservePalletEmptyCheck3
ST10_Alarm,KeyenceSR1000Ctrl_800A1DB.oError,KeyenceSR1000Ctrl_800A1DB
ST10_Alarm,KeyenceSR1000Ctrl_801A1DB.oError,KeyenceSR1000Ctrl_801A1DB
ST10_Alarm,KeyenceSR1000Ctrl_804A1DB.oError,KeyenceSR1000Ctrl_804A1DB
ST10_Alarm,KeyenceSR1000Ctrl_805A1DB.oError,KeyenceSR1000Ctrl_805A1DB
ST10_Alarm,KeyenceSR1000Ctrl_806A1DB.oError,KeyenceSR1000Ctrl_806A1DB
ST10_Alarm,KukaRobot1_CtrlDB.oError,KukaRobot1_CtrlDB
ST10_Alarm,KukaRobot1_CtrlDB.sHMI.Error,KukaRobot1_CtrlDB
ST10_Alarm,KukaRobot1_CtrlDB.sPLCtoROB.User.Home.DI169_RobotMoved,KukaRobot1_CtrlDB
ST10_Alarm,KukaRobot1_CtrlDB.sROBtoPLC.Sys.SO.ALARM_STOP,KukaRobot1_CtrlDB
ST10_Alarm,KukaRobot1_CtrlDB.sROBtoPLC.Sys.SO.EXT,KukaRobot1_CtrlDB
ST10_Alarm,KukaRobot1_CtrlDB.sROBtoPLC.User.Cycle.DO225_ScanPosInside,KukaRobot1_CtrlDB
ST10_Alarm,KukaRobot1_CtrlDB.sROBtoPLC.User.Cycle.DO265_LoadNGInside,KukaRobot1_CtrlDB
ST10_Alarm,KukaRobot2_CtrlDB.oError,KukaRobot2_CtrlDB
ST10_Alarm,KukaRobot2_CtrlDB.sHMI.Error,KukaRobot2_CtrlDB
ST10_Alarm,KukaRobot2_CtrlDB.sPLCtoROB.User.Home.DI169_RobotMoved,KukaRobot2_CtrlDB
ST10_Alarm,KukaRobot2_CtrlDB.sROBtoPLC.Sys.SO.ALARM_STOP,KukaRobot2_CtrlDB
ST10_Alarm,KukaRobot2_CtrlDB.sROBtoPLC.Sys.SO.EXT,KukaRobot2_CtrlDB
ST10_Alarm,KukaRobot3_CtrlDB.oError,KukaRobot3_CtrlDB
ST10_Alarm,KukaRobot3_CtrlDB.sHMI.Error,KukaRobot3_CtrlDB
ST10_Alarm,KukaRobot3_CtrlDB.sPLCtoROB.User.Home.DI169_RobotMoved,KukaRobot3_CtrlDB
ST10_Alarm,KukaRobot3_CtrlDB.sROBtoPLC.Sys.SO.ALARM_STOP,KukaRobot3_CtrlDB
ST10_Alarm,KukaRobot3_CtrlDB.sROBtoPLC.Sys.SO.EXT,KukaRobot3_CtrlDB
ST10_Alarm,KukaRobot3_CtrlDB.sROBtoPLC.User.Cycle.DO225_ScanPosInside,KukaRobot3_CtrlDB
ST10_Alarm,KukaRobot3_CtrlDB.sROBtoPLC.User.Cycle.DO265_LoadNGInside,KukaRobot3_CtrlDB
ST10_Alarm,L-UnloadinPalletEmptyCheck1,L-UnloadinPalletEmptyCheck1
ST10_Alarm,L-UnloadinPalletEmptyCheck2,L-UnloadinPalletEmptyCheck2
ST10_Alarm,L-UnloadinTakeGateDetection,L-UnloadinTakeGateDetection
ST10_Alarm,MotorControl.Dev.OutControl.o_Alarm,MotorControl
ST10_Alarm,PalletNGData.LoadingNGPallet.NG_1_1,PalletNGData
ST10_Alarm,PalletNGData.LoadingNGPallet.NG_1_2,PalletNGData
ST10_Alarm,PalletNGData.LoadingNGPallet.NG_1_3,PalletNGData
ST10_Alarm,PalletNGData.LoadingNGPallet.NG_1_4,PalletNGData
ST10_Alarm,PalletNGData.LoadingNGPallet.NG_1_5,PalletNGData
ST10_Alarm,PalletNGData.LoadingNGPallet.NG_2_1,PalletNGData
ST10_Alarm,PalletNGData.LoadingNGPallet.NG_2_2,PalletNGData
ST10_Alarm,PalletNGData.LoadingNGPallet.NG_2_3,PalletNGData
ST10_Alarm,PalletNGData.LoadingNGPallet.NG_2_4,PalletNGData
ST10_Alarm,PalletNGData.LoadingNGPallet.NG_2_5,PalletNGData
ST10_Alarm,PalletNGData.LoadingNGPallet.NG_3_1,PalletNGData
ST10_Alarm,PalletNGData.LoadingNGPallet.NG_3_2,PalletNGData
ST10_Alarm,PalletNGData.LoadingNGPallet.NG_3_3,PalletNGData
ST10_Alarm,PalletNGData.LoadingNGPallet.NG_3_4,PalletNGData
ST10_Alarm,PalletNGData.LoadingNGPallet.NG_3_5,PalletNGData
ST10_Alarm,PalletNGData.LoadingNGPallet.Ready_1,PalletNGData
ST10_Alarm,PalletNGData.LoadingNGPallet.Ready_2,PalletNGData
ST10_Alarm,PalletNGData.LoadingNGPallet.Ready_3,PalletNGData
ST10_Alarm,PalletNGData.UnLoadingNGPallet.NG_1_1,PalletNGData
ST10_Alarm,PalletNGData.UnLoadingNGPallet.NG_1_2,PalletNGData
ST10_Alarm,PalletNGData.UnLoadingNGPallet.NG_1_3,PalletNGData
ST10_Alarm,PalletNGData.UnLoadingNGPallet.NG_1_4,PalletNGData
ST10_Alarm,PalletNGData.UnLoadingNGPallet.NG_1_5,PalletNGData
ST10_Alarm,PalletNGData.UnLoadingNGPallet.NG_2_1,PalletNGData
ST10_Alarm,PalletNGData.UnLoadingNGPallet.NG_2_2,PalletNGData
ST10_Alarm,PalletNGData.UnLoadingNGPallet.NG_2_3,PalletNGData
ST10_Alarm,PalletNGData.UnLoadingNGPallet.NG_2_4,PalletNGData
ST10_Alarm,PalletNGData.UnLoadingNGPallet.NG_2_5,PalletNGData
ST10_Alarm,PalletNGData.UnLoadingNGPallet.NG_3_1,PalletNGData
ST10_Alarm,PalletNGData.UnLoadingNGPallet.NG_3_2,PalletNGData
ST10_Alarm,PalletNGData.UnLoadingNGPallet.NG_3_3,PalletNGData
ST10_Alarm,PalletNGData.UnLoadingNGPallet.NG_3_4,PalletNGData
ST10_Alarm,PalletNGData.UnLoadingNGPallet.NG_3_5,PalletNGData
ST10_Alarm,PalletNGData.UnLoadingNGPallet.Ready_1,PalletNGData
ST10_Alarm,PalletNGData.UnLoadingNGPallet.Ready_2,PalletNGData
ST10_Alarm,PalletNGData.UnLoadingNGPallet.Ready_3,PalletNGData
ST10_Alarm,PilzData.85A1.I10,PilzData
ST10_Alarm,PilzData.85A1.I11,PilzData
ST10_Alarm,PilzData.85A1.I12,PilzData
ST10_Alarm,PilzData.85A1.I13,PilzData
ST10_Alarm,PilzData.85A1.I4,PilzData
ST10_Alarm,PilzData.85A1.I5,PilzData
ST10_Alarm,PilzData.85A1.I6,PilzData
ST10_Alarm,PilzData.85A1.I8,PilzData
ST10_Alarm,PilzData.85A1.I9,PilzData
ST10_Alarm,PilzData.85A2.I0,PilzData
ST10_Alarm,PilzData.85A2.I1,PilzData
ST10_Alarm,PilzData.85A2.I2,PilzData
ST10_Alarm,PilzData.85A2.I3,PilzData
ST10_Alarm,PilzData.85A2.I4,PilzData
ST10_Alarm,PilzData.85A2.I5,PilzData
ST10_Alarm,PilzData.85A2.I6,PilzData
ST10_Alarm,PilzData.85A2.I7,PilzData
ST10_Alarm,PilzData.85A4.I0,PilzData
ST10_Alarm,PilzData.85A4.I1,PilzData
ST10_Alarm,PilzData.85A4.I2,PilzData
ST10_Alarm,PilzData.85A4.I3,PilzData
ST10_Alarm,PilzData.85A4.I4,PilzData
ST10_Alarm,PilzData.85A4.I5,PilzData
ST10_Alarm,PilzData.85A5.I0,PilzData
ST10_Alarm,PilzData.85A5.I1,PilzData
ST10_Alarm,PilzData.85A5.I2,PilzData
ST10_Alarm,PilzData.85A5.I3,PilzData
ST10_Alarm,PilzData.85A5.I4,PilzData
ST10_Alarm,PilzData.85A5.I5,PilzData
ST10_Alarm,ST10Cylinder.Cy.S.Alarm,ST10Cylinder
ST10_Alarm,ST10_DeviceError.A.A1TableScan.LightCuritTouch,ST10_DeviceError
ST10_Alarm,ST10_DeviceError.A.A1TableUnloading.RingCheckExist,ST10_DeviceError
ST10_Alarm,ST10_DeviceError.A.A2TableScan.LightCuritTouch,ST10_DeviceError
ST10_Alarm,ST10_DeviceError.A.A2TableUnloading.RingCheckExist,ST10_DeviceError
ST10_Alarm,ST10_DeviceError.A.A_Spare_2.Scan_800A1,ST10_DeviceError
ST10_Alarm,ST10_DeviceError.A.A_Spare_2.Scan_801A1,ST10_DeviceError
ST10_Alarm,ST10_DeviceError.A.A_Spare_2.Scan_804A1,ST10_DeviceError
ST10_Alarm,ST10_DeviceError.A.A_Spare_2.Servo_380A1,ST10_DeviceError
ST10_Alarm,ST10_DeviceError.A.A_Spare_2.Servo_381A1,ST10_DeviceError
ST10_Alarm,ST10_DeviceError.A.Other.Servo_380A1,ST10_DeviceError
ST10_Alarm,ST10_DeviceError.A.Other.Servo_381A1,ST10_DeviceError
ST10_Alarm,ST10_DeviceError.A.Other.Servo_383A1,ST10_DeviceError
ST10_Alarm,ST10_DeviceError.B.B_Spare_1.Kistler_Press1_372A1,ST10_DeviceError
ST10_Alarm,ST10_DeviceError.B.B_Spare_1.Kistler_Press2_375A1,ST10_DeviceError
ST10_Alarm,ST10_DeviceError.B.B_Spare_1.Scan_806A1,ST10_DeviceError
ST10_Alarm,ST10_DeviceError.C.CGlueing.Servo_383A1,ST10_DeviceError
ST10_Alarm,ST10_DeviceError.C.CGlueing.SysError,ST10_DeviceError
ST10_Alarm,ST10_DeviceError.C.CGlueing.X,ST10_DeviceError
ST10_Alarm,ST10_DeviceError.C.CGlueing.Y,ST10_DeviceError
ST10_Alarm,ST10_DeviceError.C.CGlueing.Z,ST10_DeviceError
ST10_Alarm,ST10_DeviceError.C.C_Spare_2.GluingDeviceReady,ST10_DeviceError
ST10_Alarm,ST10_DeviceError.C.C_Spare_2.GluingFault,ST10_DeviceError
ST10_Alarm,ST10_DeviceError.C.C_Spare_2.GluingRefillTank,ST10_DeviceError
ST10_Alarm,ST10_DeviceError.C.C_Spare_2.GluingTankEmpty,ST10_DeviceError
ST10_Alarm,ST10_DeviceError.C.C_Spare_2.IV3_810A1,ST10_DeviceError
ST10_Alarm,ST10_DeviceError.C.C_Spare_2.IV3_811A1,ST10_DeviceError
ST10_Alarm,ST10_DeviceError.C.C_Spare_2.Servo_382A1,ST10_DeviceError
ST10_Alarm,ST10_DeviceError.C.Other.Servo_383A1,ST10_DeviceError
ST10_Alarm,ST10_DeviceError.E.NG_1.NG 1 DoorOpen,ST10_DeviceError
ST10_Alarm,ST10_DeviceError.E.NG_1.NG 2 DoorOpen,ST10_DeviceError
ST10_Alarm,ST10_DeviceError.E.NG_1.PressNGFull,ST10_DeviceError
ST10_Alarm,ST10_DeviceError.E.NG_1.PressNGStatus,ST10_DeviceError
ST10_Alarm,ST10_DeviceError.E.NG_1.RingScanNGFull,ST10_DeviceError
ST10_Alarm,ST10_DeviceError.E.NG_1.RingScanNGStatus,ST10_DeviceError
ST10_Alarm,ST10_DeviceError.E.NG_1.ShaftScanNGFull,ST10_DeviceError
ST10_Alarm,ST10_DeviceError.E.NG_1.ShaftScanStatus,ST10_DeviceError
ST10_Alarm,ST10_DeviceError.E.NG_2.MagnetNGFull,ST10_DeviceError
ST10_Alarm,ST10_DeviceError.E.NG_2.MagnetNGStatus,ST10_DeviceError
ST10_Alarm,ST10_DeviceError.E.NG_2.Press/GlueNGFull,ST10_DeviceError
ST10_Alarm,ST10_DeviceError.E.NG_2.Press/GlueNGStatus,ST10_DeviceError
ST10_Alarm,ST10_DeviceError.E.NG_2.RingScanNGFull,ST10_DeviceError
ST10_Alarm,ST10_DeviceError.E.NG_2.RingScanNGStatus,ST10_DeviceError
ST10_Alarm,ST10_DeviceError.F.F_Spare_1.Robot_1,ST10_DeviceError
ST10_Alarm,ST10_DeviceError.F.F_Spare_1.Robot_2,ST10_DeviceError
ST10_Alarm,ST10_DeviceError.F.F_Spare_1.Robot_3,ST10_DeviceError
ST10_Alarm,ST10_DeviceError.F.F_Spare_1.Scan_805A1,ST10_DeviceError
ST10_Alarm,ST10_DeviceError.F.Robot_1.EXT Fault,ST10_DeviceError
ST10_Alarm,ST10_DeviceError.F.Robot_1.ManualMoved,ST10_DeviceError
ST10_Alarm,ST10_DeviceError.F.Robot_1.RobotNOTStart,ST10_DeviceError
ST10_Alarm,ST10_DeviceError.F.Robot_2.EXT Fault,ST10_DeviceError
ST10_Alarm,ST10_DeviceError.F.Robot_2.ManualMoved,ST10_DeviceError
ST10_Alarm,ST10_DeviceError.F.Robot_2.RobotNOTStart,ST10_DeviceError
ST10_Alarm,ST10_DeviceError.F.Robot_3.EXT Fault,ST10_DeviceError
ST10_Alarm,ST10_DeviceError.F.Robot_3.ManualMoved,ST10_DeviceError
ST10_Alarm,ST10_DeviceError.F.Robot_3.RobotNOTStart,ST10_DeviceError
ST10_Alarm,ST10_DeviceError.H.ShaftLine.EmptyStop1timeout,ST10_DeviceError
ST10_Alarm,ST10_DeviceError.H.ShaftLine.EmptyStop2timeout,ST10_DeviceError
ST10_Alarm,ST10_DeviceError.H.ShaftLine.EmptyStop3timeout,ST10_DeviceError
ST10_Alarm,ST10_DeviceError.H.ShaftLine.EmptyStop4timeout,ST10_DeviceError
ST10_Alarm,ST10_DeviceError.H.ShaftLine.LoadingStop1timeout,ST10_DeviceError
ST10_Alarm,ST10_DeviceError.H.ShaftLine.LoadingStop2timeout,ST10_DeviceError
ST10_Alarm,ST10_DeviceError.H.ShaftLine.LoadingStop3timeout,ST10_DeviceError
ST10_Alarm,ST10_DeviceError.H.ShaftLine.LoadingStop4timeout,ST10_DeviceError
ST10_Alarm,ST10_DeviceError.H.ShaftLine.UnloadingLiftingtimeout,ST10_DeviceError
ST10_Alarm,ST10_DeviceError.H.ShaftLine.UnloadingStop1timeout,ST10_DeviceError
ST10_Alarm,ST10_DeviceError.H.ShaftLine.UnloadingStop2timeout,ST10_DeviceError
ST10_Alarm,ST10_DeviceError.H.ShaftLine.UnloadingStop3timeout,ST10_DeviceError
ST10_Alarm,ST10_DeviceError.H.Spare_1.H-shaftLifting_Motor,ST10_DeviceError
ST10_Alarm,ST10_DeviceError.H.Spare_1.H-shaftLoad_Motor,ST10_DeviceError
ST10_Alarm,ST10_DeviceError.H.Spare_1.H-shaftUnLoad_Motor,ST10_DeviceError
ST10_Alarm,ST10_DeviceError.J.MagnetLine.EmptyStop1timeout,ST10_DeviceError
ST10_Alarm,ST10_DeviceError.J.MagnetLine.EmptyStop2timeout,ST10_DeviceError
ST10_Alarm,ST10_DeviceError.J.MagnetLine.EmptyStop3timeout,ST10_DeviceError
ST10_Alarm,ST10_DeviceError.J.MagnetLine.EmptyStop4timeout,ST10_DeviceError
ST10_Alarm,ST10_DeviceError.J.MagnetLine.LoadingStop1timeout,ST10_DeviceError
ST10_Alarm,ST10_DeviceError.J.MagnetLine.LoadingStop2timeout,ST10_DeviceError
ST10_Alarm,ST10_DeviceError.J.MagnetLine.LoadingStop3timeout,ST10_DeviceError
ST10_Alarm,ST10_DeviceError.J.MagnetLine.LoadingStop4timeout,ST10_DeviceError
ST10_Alarm,ST10_DeviceError.J.MagnetLine.UnloadingLiftingtimeout,ST10_DeviceError
ST10_Alarm,ST10_DeviceError.J.MagnetLine.UnloadingStop1timeout,ST10_DeviceError
ST10_Alarm,ST10_DeviceError.J.MagnetLine.UnloadingStop2timeout,ST10_DeviceError
ST10_Alarm,ST10_DeviceError.J.MagnetLine.UnloadingStop3timeout,ST10_DeviceError
ST10_Alarm,ST10_DeviceError.J.Spare_1.J-MagnetLifting_Motor,ST10_DeviceError
ST10_Alarm,ST10_DeviceError.J.Spare_1.J-MagnetLoad_Motor,ST10_DeviceError
ST10_Alarm,ST10_DeviceError.J.Spare_1.J-MagnetUnLoad_Motor,ST10_DeviceError
ST10_Alarm,ST10_DeviceError.K.ReserveLine.EmptyStop1timeout,ST10_DeviceError
ST10_Alarm,ST10_DeviceError.K.ReserveLine.EmptyStop2timeout,ST10_DeviceError
ST10_Alarm,ST10_DeviceError.K.ReserveLine.EmptyStop3timeout,ST10_DeviceError
ST10_Alarm,ST10_DeviceError.K.ReserveLine.EmptyStop4timeout,ST10_DeviceError
ST10_Alarm,ST10_DeviceError.K.ReserveLine.LoadingStop1timeout,ST10_DeviceError
ST10_Alarm,ST10_DeviceError.K.ReserveLine.LoadingStop2timeout,ST10_DeviceError
ST10_Alarm,ST10_DeviceError.K.ReserveLine.LoadingStop3timeout,ST10_DeviceError
ST10_Alarm,ST10_DeviceError.K.ReserveLine.LoadingStop4timeout,ST10_DeviceError
ST10_Alarm,ST10_DeviceError.K.ReserveLine.UnloadingLiftingtimeout,ST10_DeviceError
ST10_Alarm,ST10_DeviceError.K.ReserveLine.UnloadingStop1timeout,ST10_DeviceError
ST10_Alarm,ST10_DeviceError.K.ReserveLine.UnloadingStop2timeout,ST10_DeviceError
ST10_Alarm,ST10_DeviceError.K.ReserveLine.UnloadingStop3timeout,ST10_DeviceError
ST10_Alarm,ST10_DeviceError.K.Spare_1.K-Lifting_Motor,ST10_DeviceError
ST10_Alarm,ST10_DeviceError.K.Spare_1.K-ReserveLoad_Motor,ST10_DeviceError
ST10_Alarm,ST10_DeviceError.K.Spare_1.K-ReserveUnLoad_Motor,ST10_DeviceError
ST10_Alarm,ST10_DeviceError.L.Spare_2.L-Unloading _LineMotor,ST10_DeviceError
ST10_Alarm,ST10_DeviceError.L.Spare_2.L-Unloading_Motor,ST10_DeviceError
ST10_Alarm,ST10_DeviceError.L.UnloadingLine.EmptyStop1timeout,ST10_DeviceError
ST10_Alarm,ST10_DeviceError.L.UnloadingLine.EmptyStop2timeout,ST10_DeviceError
ST10_Alarm,ST10_DeviceError.L.UnloadingLine.EmptyStop3timeout,ST10_DeviceError
ST10_Alarm,ST10_DeviceError.L.UnloadingLine.LoadingStop1timeout,ST10_DeviceError
ST10_Alarm,ST10_DeviceError.L.UnloadingLine.LoadingStop2timeout,ST10_DeviceError
ST10_Alarm,ST10_DeviceError.L.UnloadingLine.LoadingStop3timeout,ST10_DeviceError
ST10_Alarm,ST10_DeviceError.L.UnloadingLine.UnloadingLiftingtimeout,ST10_DeviceError
ST10_Alarm,ST10_Flow12_A2TableUnloading_iDB.PartMissingAlarm.X,ST10_Flow12_A2TableUnloading_iDB
ST10_Alarm,ST10_Flow15_FRobot_3_iDB.RobotStart.X,ST10_Flow15_FRobot_3_iDB
ST10_Alarm,ST10_Flow21_HShaftLifting_iDB.MotorCCWRun.X,ST10_Flow21_HShaftLifting_iDB
ST10_Alarm,ST10_Flow22_JMagnetLifting_iDB.MotorCCWRun.X,ST10_Flow22_JMagnetLifting_iDB
ST10_Alarm,ST10_Flow23_KReserveLifting_iDB.MotorCCWRun.X,ST10_Flow23_KReserveLifting_iDB
ST10_Alarm,ST10_Flow24_LUnloadingTrans_iDB.MotorCCWRun.X,ST10_Flow24_LUnloadingTrans_iDB
ST10_Alarm,ST10_Flow25_HShaftLoad&Unload_iDB.WaitPalletArrveNextPos.X,ST10_Flow25_HShaftLoad&Unload_iDB
ST10_Alarm,ST10_Flow25_HShaftLoad&Unload_iDB.WaitPalletArrveNextPos_1.X,ST10_Flow25_HShaftLoad&Unload_iDB
ST10_Alarm,ST10_Flow25_HShaftLoad&Unload_iDB.WaitPalletArrveNextPos_10.X,ST10_Flow25_HShaftLoad&Unload_iDB
ST10_Alarm,ST10_Flow25_HShaftLoad&Unload_iDB.WaitPalletArrveNextPos_2.X,ST10_Flow25_HShaftLoad&Unload_iDB
ST10_Alarm,ST10_Flow25_HShaftLoad&Unload_iDB.WaitPalletArrveNextPos_3.X,ST10_Flow25_HShaftLoad&Unload_iDB
ST10_Alarm,ST10_Flow25_HShaftLoad&Unload_iDB.WaitPalletArrveNextPos_4.X,ST10_Flow25_HShaftLoad&Unload_iDB
ST10_Alarm,ST10_Flow25_HShaftLoad&Unload_iDB.WaitPalletArrveNextPos_5.X,ST10_Flow25_HShaftLoad&Unload_iDB
ST10_Alarm,ST10_Flow25_HShaftLoad&Unload_iDB.WaitPalletArrveNextPos_7.X,ST10_Flow25_HShaftLoad&Unload_iDB
ST10_Alarm,ST10_Flow25_HShaftLoad&Unload_iDB.WaitPalletArrveNextPos_8.X,ST10_Flow25_HShaftLoad&Unload_iDB
ST10_Alarm,ST10_Flow25_HShaftLoad&Unload_iDB.WaitPalletArrveNextPos_9.X,ST10_Flow25_HShaftLoad&Unload_iDB
ST10_Alarm,ST10_Flow26_JMagnetLoad&Unload_iDB.WaitPalletArrveNextPos.X,ST10_Flow26_JMagnetLoad&Unload_iDB
ST10_Alarm,ST10_Flow26_JMagnetLoad&Unload_iDB.WaitPalletArrveNextPos_1.X,ST10_Flow26_JMagnetLoad&Unload_iDB
ST10_Alarm,ST10_Flow26_JMagnetLoad&Unload_iDB.WaitPalletArrveNextPos_10.X,ST10_Flow26_JMagnetLoad&Unload_iDB
ST10_Alarm,ST10_Flow26_JMagnetLoad&Unload_iDB.WaitPalletArrveNextPos_2.X,ST10_Flow26_JMagnetLoad&Unload_iDB
ST10_Alarm,ST10_Flow26_JMagnetLoad&Unload_iDB.WaitPalletArrveNextPos_3.X,ST10_Flow26_JMagnetLoad&Unload_iDB
ST10_Alarm,ST10_Flow26_JMagnetLoad&Unload_iDB.WaitPalletArrveNextPos_4.X,ST10_Flow26_JMagnetLoad&Unload_iDB
ST10_Alarm,ST10_Flow26_JMagnetLoad&Unload_iDB.WaitPalletArrveNextPos_5.X,ST10_Flow26_JMagnetLoad&Unload_iDB
ST10_Alarm,ST10_Flow26_JMagnetLoad&Unload_iDB.WaitPalletArrveNextPos_6.X,ST10_Flow26_JMagnetLoad&Unload_iDB
ST10_Alarm,ST10_Flow26_JMagnetLoad&Unload_iDB.WaitPalletArrveNextPos_7.X,ST10_Flow26_JMagnetLoad&Unload_iDB
ST10_Alarm,ST10_Flow26_JMagnetLoad&Unload_iDB.WaitPalletArrveNextPos_8.X,ST10_Flow26_JMagnetLoad&Unload_iDB
ST10_Alarm,ST10_Flow26_JMagnetLoad&Unload_iDB.WaitPalletArrveNextPos_9.X,ST10_Flow26_JMagnetLoad&Unload_iDB
ST10_Alarm,ST10_Flow27_KReserveLoad&Unload_iDB.WaitPalletArrveNextPos.X,ST10_Flow27_KReserveLoad&Unload_iDB
ST10_Alarm,ST10_Flow27_KReserveLoad&Unload_iDB.WaitPalletArrveNextPos_1.X,ST10_Flow27_KReserveLoad&Unload_iDB
ST10_Alarm,ST10_Flow27_KReserveLoad&Unload_iDB.WaitPalletArrveNextPos_10.X,ST10_Flow27_KReserveLoad&Unload_iDB
ST10_Alarm,ST10_Flow27_KReserveLoad&Unload_iDB.WaitPalletArrveNextPos_2.X,ST10_Flow27_KReserveLoad&Unload_iDB
ST10_Alarm,ST10_Flow27_KReserveLoad&Unload_iDB.WaitPalletArrveNextPos_3.X,ST10_Flow27_KReserveLoad&Unload_iDB
ST10_Alarm,ST10_Flow27_KReserveLoad&Unload_iDB.WaitPalletArrveNextPos_4.X,ST10_Flow27_KReserveLoad&Unload_iDB
ST10_Alarm,ST10_Flow27_KReserveLoad&Unload_iDB.WaitPalletArrveNextPos_5.X,ST10_Flow27_KReserveLoad&Unload_iDB
ST10_Alarm,ST10_Flow27_KReserveLoad&Unload_iDB.WaitPalletArrveNextPos_6.X,ST10_Flow27_KReserveLoad&Unload_iDB
ST10_Alarm,ST10_Flow27_KReserveLoad&Unload_iDB.WaitPalletArrveNextPos_7.X,ST10_Flow27_KReserveLoad&Unload_iDB
ST10_Alarm,ST10_Flow27_KReserveLoad&Unload_iDB.WaitPalletArrveNextPos_8.X,ST10_Flow27_KReserveLoad&Unload_iDB
ST10_Alarm,ST10_Flow27_KReserveLoad&Unload_iDB.WaitPalletArrveNextPos_9.X,ST10_Flow27_KReserveLoad&Unload_iDB
ST10_Alarm,ST10_Flow28_LUnloadingLoad&Unload_IiDB.WaitPalletArrveNextPos.X,ST10_Flow28_LUnloadingLoad&Unload_IiDB
ST10_Alarm,ST10_Flow28_LUnloadingLoad&Unload_IiDB.WaitPalletArrveNextPos_1.X,ST10_Flow28_LUnloadingLoad&Unload_IiDB
ST10_Alarm,ST10_Flow28_LUnloadingLoad&Unload_IiDB.WaitPalletArrveNextPos_2.X,ST10_Flow28_LUnloadingLoad&Unload_IiDB
ST10_Alarm,ST10_Flow28_LUnloadingLoad&Unload_IiDB.WaitPalletArrveNextPos_7.X,ST10_Flow28_LUnloadingLoad&Unload_IiDB
ST10_Alarm,ST10_Flow28_LUnloadingLoad&Unload_IiDB.WaitPalletArrveNextPos_8.X,ST10_Flow28_LUnloadingLoad&Unload_IiDB
ST10_Alarm,ST10_Flow28_LUnloadingLoad&Unload_IiDB.WaitPalletArrveNextPos_9.X,ST10_Flow28_LUnloadingLoad&Unload_IiDB
ST10_Alarm,ST10_Flow2_A1TableUnloading_iDB.PartMissingAlarm.X,ST10_Flow2_A1TableUnloading_iDB
ST10_Alarm,ST10_Flow2_A1TableUnloading_iDB.ResetPartMissingAlarm.X,ST10_Flow2_A1TableUnloading_iDB
ST10_Alarm,ST10_Flow5_FRobot_1_iDB.RobotStart.X,ST10_Flow5_FRobot_1_iDB
ST10_Alarm,ST10_Flow8_FRobot_2_iDB.RobotStart.X,ST10_Flow8_FRobot_2_iDB
ST10_Alarm,ST10_GlobalError.Breaker.Trip,ST10_GlobalError
ST10_Alarm,ST10_GlobalError.COM.ChangeStyleError,ST10_GlobalError
ST10_Alarm,ST10_GlobalError.COM.MainPneumaticPressure1NOK,ST10_GlobalError
ST10_Alarm,ST10_GlobalError.COM.StationHardwareError,ST10_GlobalError
ST10_Alarm,ST10_GlobalError.Hardware.PNSlaveStation01.Error,ST10_GlobalError
ST10_Alarm,ST10_GlobalError.Hardware.PNSlaveStation02.Error,ST10_GlobalError
ST10_Alarm,ST10_GlobalError.Hardware.PNSlaveStation03.Error,ST10_GlobalError
ST10_Alarm,ST10_GlobalError.Hardware.ValveIsland.OffLine,ST10_GlobalError
ST10_Alarm,ST10_GlobalError.Hardware.ValveIsland.SystemError,ST10_GlobalError
ST10_Alarm,ST10_GlobalError.Product.NotforStation,ST10_GlobalError
ST10_Alarm,ST10_GlobalError.Product.TypeSelectionError,ST10_GlobalError
ST10_Alarm,ST10_GlobalError.Product.TypeWrong,ST10_GlobalError
ST10_Alarm,ST10_GlobalError.Safety.EStopSafety,ST10_GlobalError
ST10_Alarm,ST10_GlobalError.Safety.HMIEstopPBActivated,ST10_GlobalError
ST10_Alarm,ST10_GlobalError.Safety.Robot 1 Estop,ST10_GlobalError
ST10_Alarm,ST10_GlobalError.Safety.Robot 2 Estop,ST10_GlobalError
ST10_Alarm,ST10_GlobalError.Safety.Robot 3 Estop,ST10_GlobalError
ST10_Alarm,ST10_GlobalError.Safety.StoveEstopActivated,ST10_GlobalError
ST10_Alarm,ST10_GlobalError.Safety.TableEstopPB1Activated,ST10_GlobalError
ST10_Alarm,ST10_GlobalError.Safety.TableEstopPB2Activated,ST10_GlobalError
ST10_Alarm,ST10_GlobalError.Safety.TableEstopPB3Activated,ST10_GlobalError
ST10_Alarm,ST10_GlobalError.Safety.TableEstopPB4Activated,ST10_GlobalError
ST10_Alarm,ST10_GlobalError.Safety.TableEstopPB5Activated,ST10_GlobalError
ST10_Alarm,ST10_GlobalError.Safety.TableEstopPB6Activated,ST10_GlobalError
ST10_Alarm,ST10_GlobalError.Safety.TableEstopPB7Activated,ST10_GlobalError
ST10_Alarm,ST10_GlobalError.Safety.TableEstopPB8Activated,ST10_GlobalError
ST10_Alarm,ST10_GlobalError.Safety.TableEstopPB9Activated,ST10_GlobalError
ST10_Alarm,ST10_GlobalError.SafetyDoor.MaterialDoor.NotClose_1,ST10_GlobalError
ST10_Alarm,ST10_GlobalError.SafetyDoor.MaterialDoor.NotClose_2,ST10_GlobalError
ST10_Alarm,ST10_GlobalError.SafetyDoor.MaterialDoor.NotClose_3,ST10_GlobalError
ST10_Alarm,ST10_GlobalError.SafetyDoor.MaterialDoor.NotClose_4,ST10_GlobalError
ST10_Alarm,ST10_GlobalError.SafetyDoor.MaterialDoor.NotClose_5,ST10_GlobalError
ST10_Alarm,ST10_GlobalError.SafetyDoor.MaterialDoor.NotClose_6,ST10_GlobalError
ST10_Alarm,ST10_GlobalError.SafetyDoor.MaterialDoor.NotClose_7,ST10_GlobalError
ST10_Alarm,ST10_GlobalError.SafetyDoor.MaterialDoor.NotLock_1,ST10_GlobalError
ST10_Alarm,ST10_GlobalError.SafetyDoor.MaterialDoor.NotLock_2,ST10_GlobalError
ST10_Alarm,ST10_GlobalError.SafetyDoor.MaterialDoor.NotLock_3,ST10_GlobalError
ST10_Alarm,ST10_GlobalError.SafetyDoor.MaterialDoor.NotLock_4,ST10_GlobalError
ST10_Alarm,ST10_GlobalError.SafetyDoor.MaterialDoor.NotLock_5,ST10_GlobalError
ST10_Alarm,ST10_GlobalError.SafetyDoor.MaterialDoor.NotLock_6,ST10_GlobalError
ST10_Alarm,ST10_GlobalError.SafetyDoor.MaterialDoor.NotLock_7,ST10_GlobalError
ST10_Alarm,ST10_GlobalError.SafetyDoor.No.NotClose,ST10_GlobalError
ST10_Alarm,ST10_GlobalError.SafetyDoor.No.NotLock,ST10_GlobalError
ST10_Alarm,ST10_GlobalError.SafetyDoor.No.Notlocked,ST10_GlobalError
ST10_Alarm,ST10_PLC_GetDB.InData.Control.PalletInPos,ST10_PLC_GetDB
ST10_Alarm,ST10_PLC_GetDB.InData.Global.Alarm,ST10_PLC_GetDB
ST10_Alarm,ST10_SysInput.HMI_Button.E-Stop,ST10_SysInput
ST10_Alarm,ST10_SysInput.Sys.iCircuitBreakerOK1,ST10_SysInput
ST10_Alarm,ST10_SysInput.iE-StopPB,ST10_SysInput
ST10_Alarm,ST10_SysOutput.MaterialDoorCoil,ST10_SysOutput
ST10_Alarm,ST10_SysOutput.SafetyDoorCoil,ST10_SysOutput
ST10_Alarm,ServoV90_A1.Out.oError,ServoV90_A1
ST10_Alarm,ServoV90_A1.Out.oReady,ServoV90_A1
ST10_Alarm,ServoV90_A1.Out.oRunning,ServoV90_A1
ST10_Alarm,ServoV90_A2.Out.oError,ServoV90_A2
ST10_Alarm,ServoV90_A2.Out.oReady,ServoV90_A2
ST10_Alarm,ServoV90_A2.Out.oRunning,ServoV90_A2
ST10_Alarm,ServoV90_A3.Out.oError,ServoV90_A3
ST10_Alarm,ServoV90_A3.Out.oReady,ServoV90_A3
ST10_Alarm,ServoV90_A3.Out.oRunning,ServoV90_A3
ST10_Alarm,ServoV90_A4.Out.oReady,ServoV90_A4
ST10_Alarm,ServoV90_A4.Out.oRunning,ServoV90_A4
ST10_Alarm,Station_Sys.Alarm.ImmediatelyStop,Station_Sys
ST10_Alarm,Station_Sys.Alarm.ON,Station_Sys
ST10_Alarm,Station_Sys.Auto.Mode,Station_Sys
ST10_Alarm,Station_Sys.Auto.Running,Station_Sys
ST10_Alarm,Station_Sys.Cmd.Reset,Station_Sys
ST10_Alarm,Station_Sys.Interface.Reset,Station_Sys
ST10_Alarm,Station_Sys.Status.EnableAlarm,Station_Sys
ST10_Alarm,Station_Sys.Status.MainPressureOK,Station_Sys
ST10_Alarm,Station_Sys.Warning.CycleStop,Station_Sys
ST10_Alarm,Station_Sys.Warning.ON,Station_Sys
ST10_Alarm,TON.CTU.CV,TON
ST10_Alarm,TON.P,TON
ST10_Alarm,iALightCurtain_1,iALightCurtain_1
ST10_Alarm,iALightCurtain_2,iALightCurtain_2
ST10_Alarm,iH-shaftLiftingPalletDischarge,iH-shaftLiftingPalletDischarge
ST10_Alarm,iH-shaftLoadingDetection2,iH-shaftLoadingDetection2
ST10_Alarm,iH-shaftLoadingDetection3,iH-shaftLoadingDetection3
ST10_Alarm,iH-shaftLoadingDetection4,iH-shaftLoadingDetection4
ST10_Alarm,iH-shaftTakeDetection1,iH-shaftTakeDetection1
ST10_Alarm,iH-shaftTakeDetection2,iH-shaftTakeDetection2
ST10_Alarm,iH-shaftTakeDetection3,iH-shaftTakeDetection3
ST10_Alarm,iH-shaftTakeGateDetection,iH-shaftTakeGateDetection
ST10_Alarm,iH-shaftTakeShaftDetection,iH-shaftTakeShaftDetection
ST10_Alarm,iJ-magnetLiftingPalletDischargeDetection,iJ-magnetLiftingPalletDischargeDetection
ST10_Alarm,iJ-magnetLoadingDetection2,iJ-magnetLoadingDetection2
ST10_Alarm,iJ-magnetLoadingDetection3,iJ-magnetLoadingDetection3
ST10_Alarm,iJ-magnetLoadingDetection4,iJ-magnetLoadingDetection4
ST10_Alarm,iJ-magnetTakeDetection1,iJ-magnetTakeDetection1
ST10_Alarm,iJ-magnetTakeDetection2,iJ-magnetTakeDetection2
ST10_Alarm,iJ-magnetTakeDetection3,iJ-magnetTakeDetection3
ST10_Alarm,iJ-magnetTakeGateDetection,iJ-magnetTakeGateDetection
ST10_Alarm,iJ-magnetTakeShaftDetection,iJ-magnetTakeShaftDetection
ST10_Alarm,iK-reserveLifting3PalletDischargeDetection,iK-reserveLifting3PalletDischargeDetection
ST10_Alarm,iK-reserveLoadingDetection2,iK-reserveLoadingDetection2
ST10_Alarm,iK-reserveLoadingDetection3,iK-reserveLoadingDetection3
ST10_Alarm,iK-reserveLoadingDetection4,iK-reserveLoadingDetection4
ST10_Alarm,iK-reserveTakeDetection1,iK-reserveTakeDetection1
ST10_Alarm,iK-reserveTakeDetection2,iK-reserveTakeDetection2
ST10_Alarm,iK-reserveTakeDetection3,iK-reserveTakeDetection3
ST10_Alarm,iK-reserveTakeGateDetection,iK-reserveTakeGateDetection
ST10_Alarm,iK-reserveTakeShaftDetection,iK-reserveTakeShaftDetection
ST10_Alarm,iL-UnloadingDetection2,iL-UnloadingDetection2
ST10_Alarm,iL-UnloadingDetection3,iL-UnloadingDetection3
ST10_Alarm,iL-UnloadingTransplantingPalletInPlaceDetection,iL-UnloadingTransplantingPalletInPlaceDetection
ST10_Alarm,iMateriel Door Locking FeedBack_H1,iMateriel Door Locking FeedBack_H1
ST10_Alarm,iMateriel Door Locking FeedBack_H2,iMateriel Door Locking FeedBack_H2
ST10_Alarm,iMateriel Door Locking FeedBack_J1,iMateriel Door Locking FeedBack_J1
ST10_Alarm,iMateriel Door Locking FeedBack_J2,iMateriel Door Locking FeedBack_J2
ST10_Alarm,iMateriel Door Locking FeedBack_K1,iMateriel Door Locking FeedBack_K1
ST10_Alarm,iMateriel Door Locking FeedBack_K2,iMateriel Door Locking FeedBack_K2
ST10_Alarm,iMateriel Door Locking FeedBack_L1,iMateriel Door Locking FeedBack_L1
ST10_Alarm,iSafety Door Locking FeedBack,iSafety Door Locking FeedBack
ST10_Alarm,iSafety door Locking FeedBack_1,iSafety door Locking FeedBack_1
ST10_Alarm,iSafety door Locking FeedBack_2,iSafety door Locking FeedBack_2
ST10_Alarm,iSafety door Locking FeedBack_3,iSafety door Locking FeedBack_3
ST10_Alarm,iSafety door Locking FeedBack_4,iSafety door Locking FeedBack_4
ST10_Alarm,iSafety door Locking FeedBack_5,iSafety door Locking FeedBack_5
ST10_Alarm,iSafety door Locking FeedBack_6,iSafety door Locking FeedBack_6
ST10_Alarm,iSafety door Locking FeedBack_7,iSafety door Locking FeedBack_7
ST10_Alarm,iSafety door Locking FeedBack_8,iSafety door Locking FeedBack_8
ST10_Alarm,oE-NG-01SafetyGate,oE-NG-01SafetyGate
ST10_Alarm,oE-NG-02SafetyGate,oE-NG-02SafetyGate
ST10_Alarm,tpAlarm,tpAlarm
ST10_Alarm,tpAlarmInt,tpAlarmInt
ST10_Alarm,tpAlwayoff,tpAlwayoff
ST10_Alarm,tpClear,tpClear
ST10_Alarm,tpTP,tpTP
ST10_ChangeOver,ChangeOver_DB.Global.ChangeOverActive,ChangeOver_DB
ST10_ChangeOver,FixtureIndex,FixtureIndex
ST10_ChangeOver,FixtureNumber,FixtureNumber
ST10_ChangeOver,ST10_GeneralData.FixtureIDCheck,ST10_GeneralData
ST10_ChangeOver,ST10_GeneralData.FixtureIDCheck.FixtureCheckUnEnable,ST10_GeneralData
ST10_ChangeOver,ST10_GeneralData.FixtureIDCheck.FixtureIDCheckValue,ST10_GeneralData
ST10_ChangeOver,ST10_GeneralData.FunctionDeSelect.MES.FunctionDeSelected,ST10_GeneralData
ST10_ChangeOver,ST10_RecipeActiveDB.ParameterElement,ST10_RecipeActiveDB
ST10_ChangeOver,ST10_RecipeDB,ST10_RecipeDB
ST10_ChangeOver,ST10_RecipeDB.ParameterElement,ST10_RecipeDB
ST10_ChangeOver,ST10_RecipeDB.ParameterElement.FixtureID,ST10_RecipeDB
ST10_ChangeOver,ST10_RecipeDB.ParameterElement.TypeName,ST10_RecipeDB
ST10_ChangeOver,ST10_RecipeDB.Recipe.Alarm,ST10_RecipeDB
ST10_ChangeOver,ST10_RecipeDB.Recipe.Equal,ST10_RecipeDB
ST10_ChangeOver,ST10_RecipeDB.Recipe.Pls,ST10_RecipeDB
ST10_ChangeOver,ST10_RecipeDB.Recipe.PosEdg,ST10_RecipeDB
ST10_ChangeOver,ST10_RecipeDB.Recipe.PreConfigType,ST10_RecipeDB
ST10_ChangeOver,ST10_RecipeDB.Recipe.Pulse,ST10_RecipeDB
ST10_ChangeOver,ST10_RecipeDB.Recipe.RecordName,ST10_RecipeDB
ST10_ChangeOver,ST10_RecipeDB.Recipe.Ret,ST10_RecipeDB
ST10_ChangeOver,ST10_RecipeDB.Recipe.Trigger,ST10_RecipeDB
ST10_ChangeOver,ST10_RecipeDB.Recipe.time,ST10_RecipeDB
ST10_ChangeOver,ST10_RecipeDB_HMI,ST10_RecipeDB_HMI
ST10_ChangeOver,Station_Sys.Auto.Mode,Station_Sys
ST10_ChangeOver,Station_Sys.Cmd.DryRun,Station_Sys
ST10_ChangeOver,Station_Sys.Cmd.OnOffLine,Station_Sys
ST10_ChangeOver,Station_Sys.Cmd.Reset,Station_Sys
ST10_ChangeOver,Station_Sys.Manual.Mode,Station_Sys
ST10_ChangeOver,Sys.COM.FlashTime500mS,Sys
ST10_ChangeOver,sString,sString
ST10_ChangeOver,tRET_VAL,tRET_VAL
ST10_Input,ST10_SysInput.HMI_Button.ControlOn,ST10_SysInput
ST10_Input,ST10_SysInput.HMI_Button.E-Stop,ST10_SysInput
ST10_Input,ST10_SysInput.HMI_Button.MachineStart,ST10_SysInput
ST10_Input,ST10_SysInput.HMI_Button.MachineStop,ST10_SysInput
ST10_Input,ST10_SysInput.HMI_Button.Manual/Auto,ST10_SysInput
ST10_Input,ST10_SysInput.HMI_Button.ResetButton,ST10_SysInput
ST10_Input,ST10_SysInput.HMI_Button.SafetyGateUnlock,ST10_SysInput
ST10_Input,ST10_SysInput.Sys.iCircuitBreakerOK1,ST10_SysInput
ST10_Input,ST10_SysInput.Sys.iCircuitBreakerOK2,ST10_SysInput
ST10_Input,ST10_SysInput.Sys.iPressure,ST10_SysInput
ST10_Input,ST10_SysInput.iE-StopPB,ST10_SysInput
ST10_Input,ST10_SysInput.iMaterieldoorLockingFeedBack,ST10_SysInput
ST10_Input,ST10_SysInput.iSafetydoorLockingFeedBack,ST10_SysInput
ST10_Input,iCircuit Breaker OK_1,iCircuit Breaker OK_1
ST10_Input,iCircuit Breaker OK_2,iCircuit Breaker OK_2
ST10_Input,iE_StopButton2_A01,iE_StopButton2_A01
ST10_Input,iE_StopButton3_A02,iE_StopButton3_A02
ST10_Input,iE_StopButton4_H,iE_StopButton4_H
ST10_Input,iE_StopButton5_J,iE_StopButton5_J
ST10_Input,iE_StopButton6_K,iE_StopButton6_K
ST10_Input,iE_StopButton7_L,iE_StopButton7_L
ST10_Input,iHMI Control On,iHMI Control On
ST10_Input,iHMI E-Stop,iHMI E-Stop
ST10_Input,iHMI Machine Start,iHMI Machine Start
ST10_Input,iHMI Machine Stop,iHMI Machine Stop
ST10_Input,iHMI Manual/Auto,iHMI Manual/Auto
ST10_Input,iHMI ResetButton,iHMI ResetButton
ST10_Input,iHMI Safety Gate Unlock,iHMI Safety Gate Unlock
ST10_Input,iH_StopButton,iH_StopButton
ST10_Input,iJ_StopButton,iJ_StopButton
ST10_Input,iK_StopButton,iK_StopButton
ST10_Input,iMateriel Door Locking FeedBack_H1,iMateriel Door Locking FeedBack_H1
ST10_Input,iMateriel Door Locking FeedBack_H2,iMateriel Door Locking FeedBack_H2
ST10_Input,iMateriel Door Locking FeedBack_J1,iMateriel Door Locking FeedBack_J1
ST10_Input,iMateriel Door Locking FeedBack_J2,iMateriel Door Locking FeedBack_J2
ST10_Input,iMateriel Door Locking FeedBack_K1,iMateriel Door Locking FeedBack_K1
ST10_Input,iMateriel Door Locking FeedBack_K2,iMateriel Door Locking FeedBack_K2
ST10_Input,iMateriel Door Locking FeedBack_L1,iMateriel Door Locking FeedBack_L1
ST10_Input,iPressure,iPressure
ST10_Input,iSafety door Locking FeedBack_1,iSafety door Locking FeedBack_1
ST10_Input,iSafety door Locking FeedBack_2,iSafety door Locking FeedBack_2
ST10_Input,iSafety door Locking FeedBack_3,iSafety door Locking FeedBack_3
ST10_Input,iSafety door Locking FeedBack_4,iSafety door Locking FeedBack_4
ST10_Input,iSafety door Locking FeedBack_5,iSafety door Locking FeedBack_5
ST10_Input,iSafety door Locking FeedBack_6,iSafety door Locking FeedBack_6
ST10_Input,iSafety door Locking FeedBack_7,iSafety door Locking FeedBack_7
ST10_Input,iSafety door Locking FeedBack_8,iSafety door Locking FeedBack_8
ST10_Main,AlwaysFALSE,AlwaysFALSE
ST10_Main,AlwaysTRUE,AlwaysTRUE
ST10_Main,ChangeOver_DB.Global.ChangeOverSelected,ChangeOver_DB
ST10_Main,ClockMemory0.1s,ClockMemory0
ST10_Main,ClockMemory1s,ClockMemory1s
ST10_Main,PilzData.85A1.I12,PilzData
ST10_Main,PilzData.85A1.I13,PilzData
ST10_Main,PilzData.85A1.I4,PilzData
ST10_Main,PilzData.85A1.I5,PilzData
ST10_Main,PilzData.85A5.I0,PilzData
ST10_Main,PilzData.85A5.I1,PilzData
ST10_Main,PilzData.85A5.I2,PilzData
ST10_Main,PilzData.85A5.I3,PilzData
ST10_Main,PilzData.85A5.I4,PilzData
ST10_Main,PilzData.85A5.I5,PilzData
ST10_Main,Robot_DB.Auto_Run_after_NG_box_closed,Robot_DB
ST10_Main,ST10_GeneralData.FunctionDeSelect.A.DeSelectPB_Reader800A1,ST10_GeneralData
ST10_Main,ST10_GeneralData.FunctionDeSelect.A.DeSelectPB_Reader801A1,ST10_GeneralData
ST10_Main,ST10_GeneralData.FunctionDeSelect.A.DeSelectPB_Reader802A1,ST10_GeneralData
ST10_Main,ST10_GeneralData.FunctionDeSelect.A.DeSelectPB_Reader803A1,ST10_GeneralData
ST10_Main,ST10_GeneralData.FunctionDeSelect.A.DeSelectPB_Reader804A1,ST10_GeneralData
ST10_Main,ST10_GeneralData.FunctionDeSelect.A.DeSelectPB_Servo380A1,ST10_GeneralData
ST10_Main,ST10_GeneralData.FunctionDeSelect.A.DeSelectPB_Servo381A1,ST10_GeneralData
ST10_Main,ST10_GeneralData.FunctionDeSelect.A.DeSelectPB_Servo383A1,ST10_GeneralData
ST10_Main,ST10_GeneralData.FunctionDeSelect.A.FunctionDeSelected_Reader800A1,ST10_GeneralData
ST10_Main,ST10_GeneralData.FunctionDeSelect.A.FunctionDeSelected_Reader801A1,ST10_GeneralData
ST10_Main,ST10_GeneralData.FunctionDeSelect.A.FunctionDeSelected_Reader802A1,ST10_GeneralData
ST10_Main,ST10_GeneralData.FunctionDeSelect.A.FunctionDeSelected_Reader803A1,ST10_GeneralData
ST10_Main,ST10_GeneralData.FunctionDeSelect.A.FunctionDeSelected_Reader804A1,ST10_GeneralData
ST10_Main,ST10_GeneralData.FunctionDeSelect.A.FunctionDeSelected_Servo380A1,ST10_GeneralData
ST10_Main,ST10_GeneralData.FunctionDeSelect.A.FunctionDeSelected_Servo381A1,ST10_GeneralData
ST10_Main,ST10_GeneralData.FunctionDeSelect.A.FunctionDeSelected_Servo383A1,ST10_GeneralData
ST10_Main,ST10_GeneralData.FunctionDeSelect.B.DeSelectPB_Press372A1,ST10_GeneralData
ST10_Main,ST10_GeneralData.FunctionDeSelect.B.DeSelectPB_Press375A1,ST10_GeneralData
ST10_Main,ST10_GeneralData.FunctionDeSelect.B.DeSelectPB_Reader806A1,ST10_GeneralData
ST10_Main,ST10_GeneralData.FunctionDeSelect.B.DeSelectPB_TestPress372A1,ST10_GeneralData
ST10_Main,ST10_GeneralData.FunctionDeSelect.B.DeSelectPB_TestPress375A1,ST10_GeneralData
ST10_Main,ST10_GeneralData.FunctionDeSelect.B.FunctionDeSelected_Press372A1,ST10_GeneralData
ST10_Main,ST10_GeneralData.FunctionDeSelect.B.FunctionDeSelected_Press375A1,ST10_GeneralData
ST10_Main,ST10_GeneralData.FunctionDeSelect.B.FunctionDeSelected_Reader806A1,ST10_GeneralData
ST10_Main,ST10_GeneralData.FunctionDeSelect.B.FunctionDeSelected_TestPress372A1,ST10_GeneralData
ST10_Main,ST10_GeneralData.FunctionDeSelect.B.FunctionDeSelected_TestPress375A1,ST10_GeneralData
ST10_Main,ST10_GeneralData.FunctionDeSelect.C.DeSelectPB_Glue,ST10_GeneralData
ST10_Main,ST10_GeneralData.FunctionDeSelect.C.DeSelectPB_IV3810A1,ST10_GeneralData
ST10_Main,ST10_GeneralData.FunctionDeSelect.C.DeSelectPB_IV3811A1,ST10_GeneralData
ST10_Main,ST10_GeneralData.FunctionDeSelect.C.DeSelectPB_Servo382A1,ST10_GeneralData
ST10_Main,ST10_GeneralData.FunctionDeSelect.C.DeSelectPB_ServoIAI,ST10_GeneralData
ST10_Main,ST10_GeneralData.FunctionDeSelect.C.FunctionDeSelected_Glue,ST10_GeneralData
ST10_Main,ST10_GeneralData.FunctionDeSelect.C.FunctionDeSelected_IV3810A1,ST10_GeneralData
ST10_Main,ST10_GeneralData.FunctionDeSelect.C.FunctionDeSelected_IV3811A1,ST10_GeneralData
ST10_Main,ST10_GeneralData.FunctionDeSelect.C.FunctionDeSelected_Servo382A1,ST10_GeneralData
ST10_Main,ST10_GeneralData.FunctionDeSelect.C.FunctionDeSelected_ServoIAI,ST10_GeneralData
ST10_Main,ST10_GeneralData.FunctionDeSelect.E.DeSelectPB,ST10_GeneralData
ST10_Main,ST10_GeneralData.FunctionDeSelect.E.FunctionDeSelected,ST10_GeneralData
ST10_Main,ST10_GeneralData.FunctionDeSelect.F.DeSelectPB_Reader805A1,ST10_GeneralData
ST10_Main,ST10_GeneralData.FunctionDeSelect.F.FunctionDeSelected_Reader805A1,ST10_GeneralData
ST10_Main,ST10_GeneralData.FunctionDeSelect.Global.DeSelectPB_ScanFixture,ST10_GeneralData
ST10_Main,ST10_GeneralData.FunctionDeSelect.Global.FunctionDeSelected_ScanFixture,ST10_GeneralData
ST10_Main,ST10_GeneralData.FunctionDeSelect.H.DeSelectPB,ST10_GeneralData
ST10_Main,ST10_GeneralData.FunctionDeSelect.H.FunctionDeSelected,ST10_GeneralData
ST10_Main,ST10_GeneralData.FunctionDeSelect.J.DeSelectPB,ST10_GeneralData
ST10_Main,ST10_GeneralData.FunctionDeSelect.J.FunctionDeSelected,ST10_GeneralData
ST10_Main,ST10_GeneralData.FunctionDeSelect.K.DeSelectPB,ST10_GeneralData
ST10_Main,ST10_GeneralData.FunctionDeSelect.K.FunctionDeSelected,ST10_GeneralData
ST10_Main,ST10_GeneralData.FunctionDeSelect.L.DeSelectPB,ST10_GeneralData
ST10_Main,ST10_GeneralData.FunctionDeSelect.L.FunctionDeSelected,ST10_GeneralData
ST10_Main,ST10_GeneralData.FunctionDeSelect.MES.DeSelectPB,ST10_GeneralData
ST10_Main,ST10_GeneralData.FunctionDeSelect.MES.FunctionDeSelected,ST10_GeneralData
ST10_Main,ST10_PLC_GetDB.InData.Global.Spare_4,ST10_PLC_GetDB
ST10_Main,ST10_PM.Num.Running,ST10_PM
ST10_Main,ST10_RecipeDB.Recipe.Equal,ST10_RecipeDB
ST10_Main,ST10_SysInput.HMI_Button.ControlOn,ST10_SysInput
ST10_Main,ST10_SysInput.HMI_Button.E-Stop,ST10_SysInput
ST10_Main,ST10_SysInput.HMI_Button.Manual/Auto,ST10_SysInput
ST10_Main,ST10_SysInput.HMI_Button.ResetButton,ST10_SysInput
ST10_Main,ST10_SysInput.Sys.iPressure,ST10_SysInput
ST10_Main,ST10_SysInput.iE-StopPB,ST10_SysInput
ST10_Main,Station_Sys.Alarm.ON,Station_Sys
ST10_Main,Station_Sys.Alarm.Reset,Station_Sys
ST10_Main,Station_Sys.Auto,Station_Sys
ST10_Main,Station_Sys.Auto.AllRun,Station_Sys
ST10_Main,Station_Sys.Auto.Mode,Station_Sys
ST10_Main,Station_Sys.Auto.OneCycleMode,Station_Sys
ST10_Main,Station_Sys.Auto.StartAuto,Station_Sys
ST10_Main,Station_Sys.Auto.Status,Station_Sys
ST10_Main,Station_Sys.Auto.StepMode,Station_Sys
ST10_Main,Station_Sys.Cmd.Reset,Station_Sys
ST10_Main,Station_Sys.Initial.OK,Station_Sys
ST10_Main,Station_Sys.Initial.Running,Station_Sys
ST10_Main,Station_Sys.Initial.Set,Station_Sys
ST10_Main,Station_Sys.Interface,Station_Sys
ST10_Main,Station_Sys.Interface.Auto,Station_Sys
ST10_Main,Station_Sys.Interface.CPUFristCycle,Station_Sys
ST10_Main,Station_Sys.Interface.EstopOK,Station_Sys
ST10_Main,Station_Sys.Interface.InitialRun,Station_Sys
ST10_Main,Station_Sys.Interface.LightCurtainOK,Station_Sys
ST10_Main,Station_Sys.Interface.ManualMode,Station_Sys
ST10_Main,Station_Sys.Interface.Ready,Station_Sys
ST10_Main,Station_Sys.Interface.Reset,Station_Sys
ST10_Main,Station_Sys.Interface.SafetyDoorOK,Station_Sys
ST10_Main,Station_Sys.Interface.SetInitial,Station_Sys
ST10_Main,Station_Sys.Interface.SysRun,Station_Sys
ST10_Main,Station_Sys.Manual.Mode,Station_Sys
ST10_Main,Station_Sys.Safety.DoorOK,Station_Sys
ST10_Main,Station_Sys.Safety.LightCurtainOK,Station_Sys
ST10_Main,Station_Sys.Status.ControlOn,Station_Sys
ST10_Main,Station_Sys.Status.EStopOK,Station_Sys
ST10_Main,Station_Sys.Status.EnableAlarm,Station_Sys
ST10_Main,Station_Sys.Status.MainPressureOK,Station_Sys
ST10_Main,Station_Sys.Status.ModePV,Station_Sys
ST10_Main,Station_Sys.Status.ModeSV,Station_Sys
ST10_Main,Station_Sys.Status.Ready,Station_Sys
ST10_Main,Station_Sys.Status.Run,Station_Sys
ST10_Main,Sys.COM.AlwaysON,Sys
ST10_Main,Sys.COM.PLCRestarted,Sys
ST10_Main,iHMI Machine Start,iHMI Machine Start
ST10_Manual,HMI_ServoA3_JogMinus,HMI_ServoA3_JogMinus
ST10_Manual,HMI_ServoA3_JogPlus,HMI_ServoA3_JogPlus
ST10_Manual,ServoV90_A3.In.iManJog+,ServoV90_A3
ST10_Manual,ServoV90_A3.In.iManJog-,ServoV90_A3
ST10_Manual,ServoV90_A3.In.iManVelocity,ServoV90_A3
ST10_Output,AlwaysTRUE,AlwaysTRUE
ST10_Output,ClockMemory0.5s,ClockMemory0
ST10_Output,ClockMemory1s,ClockMemory1s
ST10_Output,ClockMemory2s,ClockMemory2s
ST10_Output,PilzData.85A1.I4,PilzData
ST10_Output,PilzData.85A1.I5,PilzData
ST10_Output,ST10_GeneralData.HMI.StationLightPB,ST10_GeneralData
ST10_Output,ST10_GeneralData.P_Plus,ST10_GeneralData
ST10_Output,ST10_MaterialGate1_DB.sSafetyGate LockRequest,ST10_MaterialGate1_DB
ST10_Output,ST10_MaterialGate1_DB.sSafetyGate UnlockRequest,ST10_MaterialGate1_DB
ST10_Output,ST10_MaterialGate2_DB.sSafetyGate LockRequest,ST10_MaterialGate2_DB
ST10_Output,ST10_MaterialGate2_DB.sSafetyGate UnlockRequest,ST10_MaterialGate2_DB
ST10_Output,ST10_MaterialGate3_DB.sSafetyGate LockRequest,ST10_MaterialGate3_DB
ST10_Output,ST10_MaterialGate3_DB.sSafetyGate UnlockRequest,ST10_MaterialGate3_DB
ST10_Output,ST10_MaterialGate4_DB.sSafetyGate LockRequest,ST10_MaterialGate4_DB
ST10_Output,ST10_MaterialGate4_DB.sSafetyGate UnlockRequest,ST10_MaterialGate4_DB
ST10_Output,ST10_MaterialGate5_DB.sSafetyGate LockRequest,ST10_MaterialGate5_DB
ST10_Output,ST10_MaterialGate5_DB.sSafetyGate UnlockRequest,ST10_MaterialGate5_DB
ST10_Output,ST10_MaterialGate6_DB.sSafetyGate LockRequest,ST10_MaterialGate6_DB
ST10_Output,ST10_MaterialGate6_DB.sSafetyGate UnlockRequest,ST10_MaterialGate6_DB
ST10_Output,ST10_MaterialGate7_DB.sSafetyGate LockRequest,ST10_MaterialGate7_DB
ST10_Output,ST10_MaterialGate7_DB.sSafetyGate UnlockRequest,ST10_MaterialGate7_DB
ST10_Output,ST10_SafetyGate1_DB.sSafetyGate LockRequest,ST10_SafetyGate1_DB
ST10_Output,ST10_SafetyGate1_DB.sSafetyGate UnlockRequest,ST10_SafetyGate1_DB
ST10_Output,ST10_SafetyGate2_DB.sSafetyGate LockRequest,ST10_SafetyGate2_DB
ST10_Output,ST10_SafetyGate2_DB.sSafetyGate UnlockRequest,ST10_SafetyGate2_DB
ST10_Output,ST10_SafetyGate3_DB.sSafetyGate LockRequest,ST10_SafetyGate3_DB
ST10_Output,ST10_SafetyGate3_DB.sSafetyGate UnlockRequest,ST10_SafetyGate3_DB
ST10_Output,ST10_SafetyGate4_DB.sSafetyGate LockRequest,ST10_SafetyGate4_DB
ST10_Output,ST10_SafetyGate4_DB.sSafetyGate UnlockRequest,ST10_SafetyGate4_DB
ST10_Output,ST10_SafetyGate5_DB.sSafetyGate LockRequest,ST10_SafetyGate5_DB
ST10_Output,ST10_SafetyGate5_DB.sSafetyGate UnlockRequest,ST10_SafetyGate5_DB
ST10_Output,ST10_SafetyGate6_DB.sSafetyGate LockRequest,ST10_SafetyGate6_DB
ST10_Output,ST10_SafetyGate6_DB.sSafetyGate UnlockRequest,ST10_SafetyGate6_DB
ST10_Output,ST10_SafetyGate7_DB.sSafetyGate LockRequest,ST10_SafetyGate7_DB
ST10_Output,ST10_SafetyGate7_DB.sSafetyGate UnlockRequest,ST10_SafetyGate7_DB
ST10_Output,ST10_SafetyGate8_DB.sSafetyGate LockRequest,ST10_SafetyGate8_DB
ST10_Output,ST10_SafetyGate8_DB.sSafetyGate UnlockRequest,ST10_SafetyGate8_DB
ST10_Output,ST10_SafetyGate9_DB.sSafetyGate LockRequest,ST10_SafetyGate9_DB
ST10_Output,ST10_SafetyGate9_DB.sSafetyGate UnlockRequest,ST10_SafetyGate9_DB
ST10_Output,ST10_SafetyGate_InterfaceDB.H.Status_1,ST10_SafetyGate_InterfaceDB
ST10_Output,ST10_SafetyGate_InterfaceDB.H.Status_2,ST10_SafetyGate_InterfaceDB
ST10_Output,ST10_SafetyGate_InterfaceDB.H.Status_3,ST10_SafetyGate_InterfaceDB
ST10_Output,ST10_SafetyGate_InterfaceDB.H.p,ST10_SafetyGate_InterfaceDB
ST10_Output,ST10_SafetyGate_InterfaceDB.J.Status_1,ST10_SafetyGate_InterfaceDB
ST10_Output,ST10_SafetyGate_InterfaceDB.J.Status_2,ST10_SafetyGate_InterfaceDB
ST10_Output,ST10_SafetyGate_InterfaceDB.J.Status_3,ST10_SafetyGate_InterfaceDB
ST10_Output,ST10_SafetyGate_InterfaceDB.J.p,ST10_SafetyGate_InterfaceDB
ST10_Output,ST10_SafetyGate_InterfaceDB.K.Status_1,ST10_SafetyGate_InterfaceDB
ST10_Output,ST10_SafetyGate_InterfaceDB.K.Status_2,ST10_SafetyGate_InterfaceDB
ST10_Output,ST10_SafetyGate_InterfaceDB.K.Status_3,ST10_SafetyGate_InterfaceDB
ST10_Output,ST10_SafetyGate_InterfaceDB.K.p,ST10_SafetyGate_InterfaceDB
ST10_Output,ST10_SafetyGate_InterfaceDB.L.Status_1,ST10_SafetyGate_InterfaceDB
ST10_Output,ST10_SafetyGate_InterfaceDB.L.p,ST10_SafetyGate_InterfaceDB
ST10_Output,ST10_SafetyGate_InterfaceDB.SafetyDoorLamp,ST10_SafetyGate_InterfaceDB
ST10_Output,ST10_SafetyGate_InterfaceDB.aDev.Status.INT,ST10_SafetyGate_InterfaceDB
ST10_Output,ST10_SafetyGate_InterfaceDB.aDev.Status.Lock/Unlock Indicator,ST10_SafetyGate_InterfaceDB
ST10_Output,ST10_SysOutput.MaterialDoorCoil,ST10_SysOutput
ST10_Output,ST10_SysOutput.SafetyDoorCoil,ST10_SysOutput
ST10_Output,Station_Sys.Alarm.ON,Station_Sys
ST10_Output,Station_Sys.Auto.AllRun,Station_Sys
ST10_Output,Station_Sys.Auto.Mode,Station_Sys
ST10_Output,Station_Sys.Auto.Running,Station_Sys
ST10_Output,Station_Sys.Cmd.BuzzerOn,Station_Sys
ST10_Output,Station_Sys.Cmd.Reset,Station_Sys
ST10_Output,Station_Sys.Cmd.TestLamp,Station_Sys
ST10_Output,Station_Sys.Initial.OK,Station_Sys
ST10_Output,Station_Sys.Initial.Running,Station_Sys
ST10_Output,Station_Sys.Manual.Mode,Station_Sys
ST10_Output,Station_Sys.Safety.DoorOK,Station_Sys
ST10_Output,Station_Sys.Status.ControlOn,Station_Sys
ST10_Output,Station_Sys.Status.EStopOK,Station_Sys
ST10_Output,Station_Sys.Status.Ready,Station_Sys
ST10_Output,Station_Sys.Status.Run,Station_Sys
ST10_Output,Station_Sys.Warning.ON,Station_Sys
ST10_Output,Sys.COM.AlwaysON,Sys
ST10_Output,iE_StopButton2_A01,iE_StopButton2_A01
ST10_Output,iHMI Safety Gate Unlock,iHMI Safety Gate Unlock
ST10_Output,iMagnet_Button,iMagnet_Button
ST10_Output,iMagnet_EmptyButton,iMagnet_EmptyButton
ST10_Output,iMagnet_UnlockButton,iMagnet_UnlockButton
ST10_Output,iMateriel Door Locking FeedBack_H1,iMateriel Door Locking FeedBack_H1
ST10_Output,iMateriel Door Locking FeedBack_H2,iMateriel Door Locking FeedBack_H2
ST10_Output,iMateriel Door Locking FeedBack_J1,iMateriel Door Locking FeedBack_J1
ST10_Output,iMateriel Door Locking FeedBack_J2,iMateriel Door Locking FeedBack_J2
ST10_Output,iMateriel Door Locking FeedBack_K1,iMateriel Door Locking FeedBack_K1
ST10_Output,iMateriel Door Locking FeedBack_K2,iMateriel Door Locking FeedBack_K2
ST10_Output,iMateriel Door Locking FeedBack_L1,iMateriel Door Locking FeedBack_L1
ST10_Output,iReserved_Button,iReserved_Button
ST10_Output,iReserved_EmptyButton,iReserved_EmptyButton
ST10_Output,iReserved_UnlockButton,iReserved_UnlockButton
ST10_Output,iSafety Door Locking FeedBack,iSafety Door Locking FeedBack
ST10_Output,iSafety door Locking FeedBack_1,iSafety door Locking FeedBack_1
ST10_Output,iSafety door Locking FeedBack_2,iSafety door Locking FeedBack_2
ST10_Output,iSafety door Locking FeedBack_3,iSafety door Locking FeedBack_3
ST10_Output,iSafety door Locking FeedBack_4,iSafety door Locking FeedBack_4
ST10_Output,iSafety door Locking FeedBack_5,iSafety door Locking FeedBack_5
ST10_Output,iSafety door Locking FeedBack_6,iSafety door Locking FeedBack_6
ST10_Output,iSafety door Locking FeedBack_7,iSafety door Locking FeedBack_7
ST10_Output,iSafety door Locking FeedBack_8,iSafety door Locking FeedBack_8
ST10_Output,iShaft_Button,iShaft_Button
ST10_Output,iShaft_EmptyButton,iShaft_EmptyButton
ST10_Output,iUnloading_Button,iUnloading_Button
ST10_Output,iUnloading_UnlockButton,iUnloading_UnlockButton
ST10_Output,oE-NG-01SafetyGate,oE-NG-01SafetyGate
ST10_Output,oE-NG-02SafetyGate,oE-NG-02SafetyGate
ST10_Output,oHMIControlOn,oHMIControlOn
ST10_Output,oHMIMachineStart,oHMIMachineStart
ST10_Output,oHMIMachineStop,oHMIMachineStop
ST10_Output,oHMIResetButton,oHMIResetButton
ST10_Output,oHMISafetyGateUnlock,oHMISafetyGateUnlock
ST10_Output,oLED_lamp_1,oLED_lamp_1
ST10_Output,oLED_lamp_2,oLED_lamp_2
ST10_Output,oMagnet_Button,oMagnet_Button
ST10_Output,oMagnet_EmptyButton,oMagnet_EmptyButton
ST10_Output,oMagnet_UnlockButton,oMagnet_UnlockButton
ST10_Output,oMaterielDoorLocked_H1,oMaterielDoorLocked_H1
ST10_Output,oMaterielDoorLocked_H2,oMaterielDoorLocked_H2
ST10_Output,oMaterielDoorLocked_J1,oMaterielDoorLocked_J1
ST10_Output,oMaterielDoorLocked_J2,oMaterielDoorLocked_J2
ST10_Output,oMaterielDoorLocked_K1,oMaterielDoorLocked_K1
ST10_Output,oMaterielDoorLocked_K2,oMaterielDoorLocked_K2
ST10_Output,oMaterielDoorLocked_L1,oMaterielDoorLocked_L1
ST10_Output,oReserved_Button,oReserved_Button
ST10_Output,oReserved_EmptyButton,oReserved_EmptyButton
ST10_Output,oReserved_UnlockButton,oReserved_UnlockButton
ST10_Output,oSafetyDoorLocked,oSafetyDoorLocked
ST10_Output,oSafetyDoorLocked_1,oSafetyDoorLocked_1
ST10_Output,oSafetyDoorLocked_2,oSafetyDoorLocked_2
ST10_Output,oSafetyDoorLocked_3,oSafetyDoorLocked_3
ST10_Output,oSafetyDoorLocked_4,oSafetyDoorLocked_4
ST10_Output,oSafetyDoorLocked_5,oSafetyDoorLocked_5
ST10_Output,oSafetyDoorLocked_6,oSafetyDoorLocked_6
ST10_Output,oSafetyDoorLocked_7,oSafetyDoorLocked_7
ST10_Output,oSafetyDoorLocked_8,oSafetyDoorLocked_8
ST10_Output,oShaft_Button,oShaft_Button
ST10_Output,oShaft_EmptyButton,oShaft_EmptyButton
ST10_Output,oTowerLight-Blue,oTowerLight-Blue
ST10_Output,oTowerLight-Buzzer,oTowerLight-Buzzer
ST10_Output,oTowerLight-Green,oTowerLight-Green
ST10_Output,oTowerLight-Red,oTowerLight-Red
ST10_Output,oTowerLight-yellow,oTowerLight-yellow
ST10_Output,oUnloading_Button,oUnloading_Button
ST10_Output,oUnloading_UnlockButton,oUnloading_UnlockButton
ST10_Tip,AlwaysFALSE,AlwaysFALSE
ST10_Tip,AlwaysTRUE,AlwaysTRUE
ST10_Tip,AutoProcessControl.Global.L.LoadStopRequestPallet_3,AutoProcessControl
ST10_Tip,AutoProcessControl.H_ShafeLine.Robot1PickPrimit,AutoProcessControl
ST10_Tip,AutoProcessControl.J_MagnetLine.Robot2PickPrimit,AutoProcessControl
ST10_Tip,AutoProcessControl.L_ShafeLine.Robot3PutPrimit,AutoProcessControl
ST10_Tip,ST10_RecipeDB.Recipe.Equal,ST10_RecipeDB
ST10_Tip,ST10_SysInput.HMI_Button.E-Stop,ST10_SysInput
ST10_Tip,ST10_SysInput.iE-StopPB,ST10_SysInput
ST10_Tip,ST10_TipDB.Global.1.AutoModeRunning,ST10_TipDB
ST10_Tip,ST10_TipDB.Global.1.ControlOn,ST10_TipDB
ST10_Tip,ST10_TipDB.Global.1.Reset,ST10_TipDB
ST10_Tip,ST10_TipDB.Global.1.SelectAutoMode,ST10_TipDB
ST10_Tip,ST10_TipDB.Global.2,ST10_TipDB
ST10_Tip,ST10_TipDB.Global.6,ST10_TipDB
ST10_Tip,ST10_TipDB.OP1.Take off product,ST10_TipDB
ST10_Tip,Station_Sys.Alarm.ON,Station_Sys
ST10_Tip,Station_Sys.Auto.Mode,Station_Sys
ST10_Tip,Station_Sys.Initial.OK,Station_Sys
ST10_Tip,Station_Sys.Interface.Auto.AllRun,Station_Sys
ST10_Tip,Station_Sys.Interface.Auto.Mode,Station_Sys
ST10_Tip,Station_Sys.Interface.Auto.Running,Station_Sys
ST10_Tip,Station_Sys.Status.ControlOn,Station_Sys
ST10_Tip,iH-shaftLiftingPalletDischarge,iH-shaftLiftingPalletDischarge
ST10_Tip,iH-shaftTakeShaftDetection,iH-shaftTakeShaftDetection
ST10_Tip,iJ-magnetLiftingPalletDischargeDetection,iJ-magnetLiftingPalletDischargeDetection
ST10_Tip,iJ-magnetTakeShaftDetection,iJ-magnetTakeShaftDetection
ST10_Tip,iK-reserveTakeShaftDetection,iK-reserveTakeShaftDetection
ST10_Warning,ST10_GeneralData.FunctionDeSelect.C.FunctionDeSelected_Glue,ST10_GeneralData
ST10_Warning,ST10_GeneralData.FunctionDeSelect.C.FunctionDeSelected_IV3810A1,ST10_GeneralData
ST10_Warning,ST10_GeneralData.FunctionDeSelect.C.FunctionDeSelected_IV3811A1,ST10_GeneralData
ST10_Warning,ST10_GeneralData.FunctionDeSelect.Global.FunctionDeSelected_ScanFixture,ST10_GeneralData
ST10_Warning,ST10_GeneralData.FunctionDeSelect.MES.FunctionDeSelected,ST10_GeneralData
ST10_Warning,ST10_WarningDB.Global.10,ST10_WarningDB
ST10_Warning,ST10_WarningDB.Global.2,ST10_WarningDB
ST10_Warning,ST10_WarningDB.Global.6,ST10_WarningDB
ST10_Warning,ST10_WarningDB.Global.7,ST10_WarningDB
ST10_Warning,Station_Sys.Auto.Mode,Station_Sys
ST10_Warning,Station_Sys.Cmd.Calibration,Station_Sys
ST10_Warning,Station_Sys.Initial.OK,Station_Sys
ST10_Warning,tpAlwayoff,tpAlwayoff
