block,top,unique_symbols
ST10_Alarm,ST10_DeviceError,109
ST10_Alarm,ST10_GlobalError,44
ST10_Alarm,PalletNGData,36
ST10_Alarm,PilzData,29
ST10_Alarm,AutoProcessControl,16
ST10_Alarm,ST10_Flow26_JMagnetLoad&Unload_iDB,11
ST10_Alarm,ST10_Flow27_KReserveLoad&Unload_iDB,11
ST10_Alarm,ST10_Flow25_HShaftLoad&Unload_iDB,10
ST10_Alarm,Station_Sys,10
ST10_Alarm,KukaRobot1_CtrlDB,7
ST10_Alarm,KukaRobot3_CtrlDB,7
ST10_Alarm,ST10_Flow28_LUnloadingLoad&Unload_IiDB,6
ST10_Alarm,GluingControl,5
ST10_Alarm,KukaRobot2_CtrlDB,5
ST10_Alarm,ST10_SysInput,3
ST10_Alarm,ServoV90_A1,3
ST10_Alarm,ServoV90_A2,3
ST10_Alarm,ServoV90_A3,3
ST10_Alarm,DB_maXYmosNC1,2
ST10_Alarm,DB_maXYmosNC2,2
ST10_Alarm,DiagnosticDataBlock,2
ST10_Alarm,ST10_Flow2_A1TableUnloading_iDB,2
ST10_Alarm,ST10_PLC_GetDB,2
ST10_Alarm,ST10_SysOutput,2
ST10_Alarm,ServoV90_A4,2
ST10_Alarm,TON,2
ST10_Alarm,AlwaysFALSE,1
ST10_Alarm,AlwaysTRUE,1
ST10_Alarm,Axis_FB_DB,1
ST10_Alarm,ChangeOver_DB,1
ST10_Alarm,DB_KeyenceCheckerIV3,1
ST10_Alarm,H-shaftPalletEmptyCheck1,1
ST10_Alarm,H-shaftPalletEmptyCheck2,1
ST10_Alarm,H-shaftPalletEmptyCheck3,1
ST10_Alarm,J-mganePalletEmptyCheck1,1
ST10_Alarm,J-mganePalletEmptyCheck2,1
ST10_Alarm,J-mganePalletEmptyCheck3,1
ST10_Alarm,K-reservePalletEmptyCheck1,1
ST10_Alarm,K-reservePalletEmptyCheck2,1
ST10_Alarm,K-reservePalletEmptyCheck3,1
ST10_Alarm,KeyenceSR1000Ctrl_800A1DB,1
ST10_Alarm,KeyenceSR1000Ctrl_801A1DB,1
ST10_Alarm,KeyenceSR1000Ctrl_804A1DB,1
ST10_Alarm,KeyenceSR1000Ctrl_805A1DB,1
ST10_Alarm,KeyenceSR1000Ctrl_806A1DB,1
ST10_Alarm,L-UnloadinPalletEmptyCheck1,1
ST10_Alarm,L-UnloadinPalletEmptyCheck2,1
ST10_Alarm,L-UnloadinTakeGateDetection,1
ST10_Alarm,MotorControl,1
ST10_Alarm,ST10Cylinder,1
ST10_Alarm,ST10_Flow12_A2TableUnloading_iDB,1
ST10_Alarm,ST10_Flow15_FRobot_3_iDB,1
ST10_Alarm,ST10_Flow21_HShaftLifting_iDB,1
ST10_Alarm,ST10_Flow22_JMagnetLifting_iDB,1
ST10_Alarm,ST10_Flow23_KReserveLifting_iDB,1
ST10_Alarm,ST10_Flow24_LUnloadingTrans_iDB,1
ST10_Alarm,ST10_Flow5_FRobot_1_iDB,1
ST10_Alarm,ST10_Flow8_FRobot_2_iDB,1
ST10_Alarm,iALightCurtain_1,1
ST10_Alarm,iALightCurtain_2,1
ST10_Alarm,iH-shaftLiftingPalletDischarge,1
ST10_Alarm,iH-shaftLoadingDetection2,1
ST10_Alarm,iH-shaftLoadingDetection3,1
ST10_Alarm,iH-shaftLoadingDetection4,1
ST10_Alarm,iH-shaftTakeDetection1,1
ST10_Alarm,iH-shaftTakeDetection2,1
ST10_Alarm,iH-shaftTakeDetection3,1
ST10_Alarm,iH-shaftTakeGateDetection,1
ST10_Alarm,iH-shaftTakeShaftDetection,1
ST10_Alarm,iJ-magnetLiftingPalletDischargeDetection,1
ST10_Alarm,iJ-magnetLoadingDetection2,1
ST10_Alarm,iJ-magnetLoadingDetection3,1
ST10_Alarm,iJ-magnetLoadingDetection4,1
ST10_Alarm,iJ-magnetTakeDetection1,1
ST10_Alarm,iJ-magnetTakeDetection2,1
ST10_Alarm,iJ-magnetTakeDetection3,1
ST10_Alarm,iJ-magnetTakeGateDetection,1
ST10_Alarm,iJ-magnetTakeShaftDetection,1
ST10_Alarm,iK-reserveLifting3PalletDischargeDetection,1
ST10_Alarm,iK-reserveLoadingDetection2,1
ST10_Alarm,iK-reserveLoadingDetection3,1
ST10_Alarm,iK-reserveLoadingDetection4,1
ST10_Alarm,iK-reserveTakeDetection1,1
ST10_Alarm,iK-reserveTakeDetection2,1
ST10_Alarm,iK-reserveTakeDetection3,1
ST10_Alarm,iK-reserveTakeGateDetection,1
ST10_Alarm,iK-reserveTakeShaftDetection,1
ST10_Alarm,iL-UnloadingDetection2,1
ST10_Alarm,iL-UnloadingDetection3,1
ST10_Alarm,iL-UnloadingTransplantingPalletInPlaceDetection,1
ST10_Alarm,iMateriel Door Locking FeedBack_H1,1
ST10_Alarm,iMateriel Door Locking FeedBack_H2,1
ST10_Alarm,iMateriel Door Locking FeedBack_J1,1
ST10_Alarm,iMateriel Door Locking FeedBack_J2,1
ST10_Alarm,iMateriel Door Locking FeedBack_K1,1
ST10_Alarm,iMateriel Door Locking FeedBack_K2,1
ST10_Alarm,iMateriel Door Locking FeedBack_L1,1
ST10_Alarm,iSafety Door Locking FeedBack,1
ST10_Alarm,iSafety door Locking FeedBack_1,1
ST10_Alarm,iSafety door Locking FeedBack_2,1
ST10_Alarm,iSafety door Locking FeedBack_3,1
ST10_Alarm,iSafety door Locking FeedBack_4,1
ST10_Alarm,iSafety door Locking FeedBack_5,1
ST10_Alarm,iSafety door Locking FeedBack_6,1
ST10_Alarm,iSafety door Locking FeedBack_7,1
ST10_Alarm,iSafety door Locking FeedBack_8,1
ST10_Alarm,oE-NG-01SafetyGate,1
ST10_Alarm,oE-NG-02SafetyGate,1
ST10_Alarm,tpAlarm,1
ST10_Alarm,tpAlarmInt,1
ST10_Alarm,tpAlwayoff,1
ST10_Alarm,tpClear,1
ST10_Alarm,tpTP,1
ST10_ChangeOver,ST10_RecipeDB,14
ST10_ChangeOver,Station_Sys,5
ST10_ChangeOver,ST10_GeneralData,4
ST10_ChangeOver,ChangeOver_DB,1
ST10_ChangeOver,FixtureIndex,1
ST10_ChangeOver,FixtureNumber,1
ST10_ChangeOver,ST10_RecipeActiveDB,1
ST10_ChangeOver,ST10_RecipeDB_HMI,1
ST10_ChangeOver,Sys,1
ST10_ChangeOver,sString,1
ST10_ChangeOver,tRET_VAL,1
ST10_Input,ST10_SysInput,13
ST10_Input,iCircuit Breaker OK_1,1
ST10_Input,iCircuit Breaker OK_2,1
ST10_Input,iE_StopButton2_A01,1
ST10_Input,iE_StopButton3_A02,1
ST10_Input,iE_StopButton4_H,1
ST10_Input,iE_StopButton5_J,1
ST10_Input,iE_StopButton6_K,1
ST10_Input,iE_StopButton7_L,1
ST10_Input,iHMI Control On,1
ST10_Input,iHMI E-Stop,1
ST10_Input,iHMI Machine Start,1
ST10_Input,iHMI Machine Stop,1
ST10_Input,iHMI Manual/Auto,1
ST10_Input,iHMI ResetButton,1
ST10_Input,iHMI Safety Gate Unlock,1
ST10_Input,iH_StopButton,1
ST10_Input,iJ_StopButton,1
ST10_Input,iK_StopButton,1
ST10_Input,iMateriel Door Locking FeedBack_H1,1
ST10_Input,iMateriel Door Locking FeedBack_H2,1
ST10_Input,iMateriel Door Locking FeedBack_J1,1
ST10_Input,iMateriel Door Locking FeedBack_J2,1
ST10_Input,iMateriel Door Locking FeedBack_K1,1
ST10_Input,iMateriel Door Locking FeedBack_K2,1
ST10_Input,iMateriel Door Locking FeedBack_L1,1
ST10_Input,iPressure,1
ST10_Input,iSafety door Locking FeedBack_1,1
ST10_Input,iSafety door Locking FeedBack_2,1
ST10_Input,iSafety door Locking FeedBack_3,1
ST10_Input,iSafety door Locking FeedBack_4,1
ST10_Input,iSafety door Locking FeedBack_5,1
ST10_Input,iSafety door Locking FeedBack_6,1
ST10_Input,iSafety door Locking FeedBack_7,1
ST10_Input,iSafety door Locking FeedBack_8,1
ST10_Main,ST10_GeneralData,52
ST10_Main,Station_Sys,36
ST10_Main,PilzData,10
ST10_Main,ST10_SysInput,6
ST10_Main,Sys,2
ST10_Main,AlwaysFALSE,1
ST10_Main,AlwaysTRUE,1
ST10_Main,ChangeOver_DB,1
ST10_Main,ClockMemory0,1
ST10_Main,ClockMemory1s,1
ST10_Main,Robot_DB,1
ST10_Main,ST10_PLC_GetDB,1
ST10_Main,ST10_PM,1
ST10_Main,ST10_RecipeDB,1
ST10_Main,iHMI Machine Start,1
ST10_Manual,ServoV90_A3,3
ST10_Manual,HMI_ServoA3_JogMinus,1
ST10_Manual,HMI_ServoA3_JogPlus,1
ST10_Output,ST10_SafetyGate_InterfaceDB,17
ST10_Output,Station_Sys,16
ST10_Output,PilzData,2
ST10_Output,ST10_GeneralData,2
ST10_Output,ST10_MaterialGate1_DB,2
ST10_Output,ST10_MaterialGate2_DB,2
ST10_Output,ST10_MaterialGate3_DB,2
ST10_Output,ST10_MaterialGate4_DB,2
ST10_Output,ST10_MaterialGate5_DB,2
ST10_Output,ST10_MaterialGate6_DB,2
ST10_Output,ST10_MaterialGate7_DB,2
ST10_Output,ST10_SafetyGate1_DB,2
ST10_Output,ST10_SafetyGate2_DB,2
ST10_Output,ST10_SafetyGate3_DB,2
ST10_Output,ST10_SafetyGate4_DB,2
ST10_Output,ST10_SafetyGate5_DB,2
ST10_Output,ST10_SafetyGate6_DB,2
ST10_Output,ST10_SafetyGate7_DB,2
ST10_Output,ST10_SafetyGate8_DB,2
ST10_Output,ST10_SafetyGate9_DB,2
ST10_Output,ST10_SysOutput,2
ST10_Output,AlwaysTRUE,1
ST10_Output,ClockMemory0,1
ST10_Output,ClockMemory1s,1
ST10_Output,ClockMemory2s,1
ST10_Output,Sys,1
ST10_Output,iE_StopButton2_A01,1
ST10_Output,iHMI Safety Gate Unlock,1
ST10_Output,iMagnet_Button,1
ST10_Output,iMagnet_EmptyButton,1
ST10_Output,iMagnet_UnlockButton,1
ST10_Output,iMateriel Door Locking FeedBack_H1,1
ST10_Output,iMateriel Door Locking FeedBack_H2,1
ST10_Output,iMateriel Door Locking FeedBack_J1,1
ST10_Output,iMateriel Door Locking FeedBack_J2,1
ST10_Output,iMateriel Door Locking FeedBack_K1,1
ST10_Output,iMateriel Door Locking FeedBack_K2,1
ST10_Output,iMateriel Door Locking FeedBack_L1,1
ST10_Output,iReserved_Button,1
ST10_Output,iReserved_EmptyButton,1
ST10_Output,iReserved_UnlockButton,1
ST10_Output,iSafety Door Locking FeedBack,1
ST10_Output,iSafety door Locking FeedBack_1,1
ST10_Output,iSafety door Locking FeedBack_2,1
ST10_Output,iSafety door Locking FeedBack_3,1
ST10_Output,iSafety door Locking FeedBack_4,1
ST10_Output,iSafety door Locking FeedBack_5,1
ST10_Output,iSafety door Locking FeedBack_6,1
ST10_Output,iSafety door Locking FeedBack_7,1
ST10_Output,iSafety door Locking FeedBack_8,1
ST10_Output,iShaft_Button,1
ST10_Output,iShaft_EmptyButton,1
ST10_Output,iUnloading_Button,1
ST10_Output,iUnloading_UnlockButton,1
ST10_Output,oE-NG-01SafetyGate,1
ST10_Output,oE-NG-02SafetyGate,1
ST10_Output,oHMIControlOn,1
ST10_Output,oHMIMachineStart,1
ST10_Output,oHMIMachineStop,1
ST10_Output,oHMIResetButton,1
ST10_Output,oHMISafetyGateUnlock,1
ST10_Output,oLED_lamp_1,1
ST10_Output,oLED_lamp_2,1
ST10_Output,oMagnet_Button,1
ST10_Output,oMagnet_EmptyButton,1
ST10_Output,oMagnet_UnlockButton,1
ST10_Output,oMaterielDoorLocked_H1,1
ST10_Output,oMaterielDoorLocked_H2,1
ST10_Output,oMaterielDoorLocked_J1,1
ST10_Output,oMaterielDoorLocked_J2,1
ST10_Output,oMaterielDoorLocked_K1,1
ST10_Output,oMaterielDoorLocked_K2,1
ST10_Output,oMaterielDoorLocked_L1,1
ST10_Output,oReserved_Button,1
ST10_Output,oReserved_EmptyButton,1
ST10_Output,oReserved_UnlockButton,1
ST10_Output,oSafetyDoorLocked,1
ST10_Output,oSafetyDoorLocked_1,1
ST10_Output,oSafetyDoorLocked_2,1
ST10_Output,oSafetyDoorLocked_3,1
ST10_Output,oSafetyDoorLocked_4,1
ST10_Output,oSafetyDoorLocked_5,1
ST10_Output,oSafetyDoorLocked_6,1
ST10_Output,oSafetyDoorLocked_7,1
ST10_Output,oSafetyDoorLocked_8,1
ST10_Output,oShaft_Button,1
ST10_Output,oShaft_EmptyButton,1
ST10_Output,oTowerLight-Blue,1
ST10_Output,oTowerLight-Buzzer,1
ST10_Output,oTowerLight-Green,1
ST10_Output,oTowerLight-Red,1
ST10_Output,oTowerLight-yellow,1
ST10_Output,oUnloading_Button,1
ST10_Output,oUnloading_UnlockButton,1
ST10_Tip,ST10_TipDB,7
ST10_Tip,Station_Sys,7
ST10_Tip,AutoProcessControl,4
ST10_Tip,ST10_SysInput,2
ST10_Tip,AlwaysFALSE,1
ST10_Tip,AlwaysTRUE,1
ST10_Tip,ST10_RecipeDB,1
ST10_Tip,iH-shaftLiftingPalletDischarge,1
ST10_Tip,iH-shaftTakeShaftDetection,1
ST10_Tip,iJ-magnetLiftingPalletDischargeDetection,1
ST10_Tip,iJ-magnetTakeShaftDetection,1
ST10_Tip,iK-reserveTakeShaftDetection,1
ST10_Warning,ST10_GeneralData,5
ST10_Warning,ST10_WarningDB,4
ST10_Warning,Station_Sys,3
ST10_Warning,tpAlwayoff,1
