block,hits
CheckData,PEEK
CylinderCtrl_V2,ANY;AT_view;BLKMOV
DB_maXYmosNC1,ANY
DB_maXYmosNC2,ANY
Diagnostic,ANY;AT_view
FB_AteqF620,AT_view
KeyenceSR1000Ctrl,ANY;AT_view;BLKMOV
KistlerPresser _FB,ANY;AT_view;BLKMOV
KistlerPresser_Main,ANY
MotorContro,Variant
SINA_PARA_S,Variant
ST10_Alarm,ANY;AT_view;P#_pointer;Variant
ST10_Auto,BLKMOV;Variant
ST10_ChangeOver,BLKMOV;Variant
ST10_FB_S7connect,P#_pointer;Variant
ST10_FB_S7connect_IDB,Variant
ST10_WarningDB,AT_view
V90Servo_DB,Variant
V90_Servo,Variant
fbV90Ctrl,Variant
块_1,AT_view
