kind,name,number,language,source_path
SW.Blocks.FB,AutoProcessDataPopUp,1666,SCL,EXPORT/Program blocks/OP010/03_Auto/HMI/AutoProcessDataPopUp.xml
SW.Blocks.FB,Axis_FB,2200,SCL,EXPORT/Program blocks/OP010/10_Device/22_IAI/Axis_FB.xml
SW.Blocks.FB,Call_KeyenceCheckerIV,2100,SCL,EXPORT/Program blocks/OP010/10_Device/21_IV3/Call_KeyenceCheckerIV.xml
SW.Blocks.FB,CheckPositioningOrder,1,LAD,EXPORT/Program blocks/OP010/10_Device/25_V90/Patch/CheckPositioningOrder.xml
SW.Blocks.FB,Count_CycleTime,3002,SCL,EXPORT/Program blocks/02_Comm/01_Count_CycleTime/Count_CycleTime.xml
SW.Blocks.FB,Count_CycleTime_V3,3003,SCL,EXPORT/Program blocks/02_Comm/01_Count_CycleTime/Count_CycleTime_V3.xml
SW.Blocks.FB,DT-Chars,2360,SCL,EXPORT/Program blocks/OP010/11_MES/DT-Chars.xml
SW.Blocks.FB,FB_Analog,4090,LAD,EXPORT/Program blocks/03_Device/212 Analog/FB_Analog.xml
SW.Blocks.FB,FB_AteqF620,4080,SCL,EXPORT/Program blocks/03_Device/211 ATEQ LeakTest/FB_AteqF620.xml
SW.Blocks.FB,FB_Keyence_SR1000,1230,SCL,EXPORT/Program blocks/03_Device/214_KeyenceSR X80/FB_Keyence_SR1000.xml
SW.Blocks.FB,FB_Next,42,SCL,EXPORT/Program blocks/03_Device/999 Base/999.0 General/999.0.3 FB/FB_Next.xml
SW.Blocks.FB,FB_Step,5002,LAD,EXPORT/Program blocks/03_Device/999 Base/FB_Step.xml
SW.Blocks.FB,FB_Stopper,4001,LAD,EXPORT/Program blocks/03_Device/201 Stopper/FB_Stopper.xml
SW.Blocks.FB,FB_Tower_4Lamp,5050,LAD,EXPORT/Program blocks/03_Device/04 Lamp/FB_Tower_4Lamp.xml
SW.Blocks.FB,IAI_BASE_FB,2201,SCL,EXPORT/Program blocks/OP010/10_Device/22_IAI/IAI_BASE_FB.xml
SW.Blocks.FB,IAI_Position,2210,LAD,EXPORT/Program blocks/OP010/10_Device/22_IAI/IAI_Position.xml
SW.Blocks.FB,KeyenceSR1000Ctrl,1800,SCL,EXPORT/Program blocks/OP010/10_Device/18_SR1000 Scan/KeyenceSR1000Ctrl.xml
SW.Blocks.FB,KistlerPresser _FB,2300,SCL,EXPORT/Program blocks/OP010/10_Device/23_Kistler/KistlerPresser _FB.xml
SW.Blocks.FB,KukaRobot1_Ctrl,2401,SCL,EXPORT/Program blocks/OP010/10_Device/24_Robot/KukaRobot1_Ctrl.xml
SW.Blocks.FB,KukaRobot2_Ctrl,2402,SCL,EXPORT/Program blocks/OP010/10_Device/24_Robot/KukaRobot2_Ctrl.xml
SW.Blocks.FB,KukaRobot3_Ctrl,2403,SCL,EXPORT/Program blocks/OP010/10_Device/24_Robot/KukaRobot3_Ctrl.xml
SW.Blocks.FB,MES Check_fb,110,LAD,EXPORT/Program blocks/OP010/11_MES/MES Check_fb.xml
SW.Blocks.FB,MES_CHeck,111,LAD,EXPORT/Program blocks/OP010/11_MES/MES_CHeck.xml
SW.Blocks.FB,MaterialGate,5210,LAD,EXPORT/Program blocks/03_Device/102 SafetyGate/MaterialGate.xml
SW.Blocks.FB,MotorContro,3100,LAD,EXPORT/Program blocks/OP010/10_Device/31_Motor_1/MotorContro.xml
SW.Blocks.FB,NG,2901,LAD,EXPORT/Program blocks/OP010/10_Device/29_NG/NG.xml
SW.Blocks.FB,NGStatus,2900,LAD,EXPORT/Program blocks/OP010/10_Device/29_NG/NGStatus.xml
SW.Blocks.FB,PartDataManage,2,SCL,EXPORT/Program blocks/03_Device/104 PartDataManage/PartDataManage.xml
SW.Blocks.FB,SINA_PARA_S,1821,SCL,EXPORT/Program blocks/OP010/10_Device/25_V90/V90_Standard/SINA_PARA_S.xml
SW.Blocks.FB,SINA_POS,1822,SCL,EXPORT/Program blocks/OP010/10_Device/25_V90/V90_Standard/SINA_POS.xml
SW.Blocks.FB,ST10_CountCycleTimeMain,1009,LAD,EXPORT/Program blocks/OP010/09_Count_CycleTime/ST10_CountCycleTimeMain.xml
SW.Blocks.FB,ST10_FB_S7connect,900,LAD,EXPORT/Program blocks/OP010/10_Device/09_CuringOven/ST10_FB_S7connect.xml
SW.Blocks.FB,ST10_Flow11_A2TableScan,1081,GRAPH,EXPORT/Program blocks/OP010/03_Auto/A2_TableLoad&Scan/ST10_Flow11_A2TableScan.xml
SW.Blocks.FB,ST10_Flow12_A2TableUnloading,1082,GRAPH,EXPORT/Program blocks/OP010/03_Auto/A2_TableLoad&Scan/ST10_Flow12_A2TableUnloading.xml
SW.Blocks.FB,ST10_Flow14_B2Press,1084,GRAPH,EXPORT/Program blocks/OP010/03_Auto/B_Press/ST10_Flow14_B2Press.xml
SW.Blocks.FB,ST10_Flow15_FRobot_3,1085,GRAPH,EXPORT/Program blocks/OP010/03_Auto/F_Robot/ST10_Flow15_FRobot_3.xml
SW.Blocks.FB,ST10_Flow1_A1TableScan,1071,GRAPH,EXPORT/Program blocks/OP010/03_Auto/A1_TableLoad&Scan/ST10_Flow1_A1TableScan.xml
SW.Blocks.FB,ST10_Flow21_HShaftLifting,1091,GRAPH,EXPORT/Program blocks/OP010/03_Auto/H_ShaftLifting&Load&Unload/ST10_Flow21_HShaftLifting.xml
SW.Blocks.FB,ST10_Flow22_JMagnetLifting,1092,GRAPH,EXPORT/Program blocks/OP010/03_Auto/J_MagnetLifting&Load&Unload/ST10_Flow22_JMagnetLifting.xml
SW.Blocks.FB,ST10_Flow23_KReserveLifting,1093,GRAPH,EXPORT/Program blocks/OP010/03_Auto/L_Unload/K_ReserveLifting&Load&Unload/ST10_Flow23_KReserveLifting.xml
SW.Blocks.FB,ST10_Flow24_LUnloadingTrans,1094,GRAPH,EXPORT/Program blocks/OP010/03_Auto/L_Unload/ST10_Flow24_LUnloadingTrans.xml
SW.Blocks.FB,ST10_Flow25_HShaftLoad&Unload,1095,GRAPH,EXPORT/Program blocks/OP010/03_Auto/H_ShaftLifting&Load&Unload/ST10_Flow25_HShaftLoad&Unload.xml
SW.Blocks.FB,ST10_Flow26_JMagnetLoad&Unload,1096,GRAPH,EXPORT/Program blocks/OP010/03_Auto/J_MagnetLifting&Load&Unload/ST10_Flow26_JMagnetLoad&Unload.xml
SW.Blocks.FB,ST10_Flow27_KReserveLoad&Unload,1097,GRAPH,EXPORT/Program blocks/OP010/03_Auto/L_Unload/K_ReserveLifting&Load&Unload/ST10_Flow27_KReserveLoad&Unload.xml
SW.Blocks.FB,ST10_Flow28_LUnloadingLoad&Unload,1098,GRAPH,EXPORT/Program blocks/OP010/03_Auto/L_Unload/ST10_Flow28_LUnloadingLoad&Unload.xml
SW.Blocks.FB,ST10_Flow2_A1TableUnloading,1072,GRAPH,EXPORT/Program blocks/OP010/03_Auto/A1_TableLoad&Scan/ST10_Flow2_A1TableUnloading.xml
SW.Blocks.FB,ST10_Flow3_A1RotaryShaftScan,1073,GRAPH,EXPORT/Program blocks/OP010/03_Auto/A1_TableLoad&Scan/ST10_Flow3_A1RotaryShaftScan.xml
SW.Blocks.FB,ST10_Flow4_B1Press,1074,GRAPH,EXPORT/Program blocks/OP010/03_Auto/B_Press/ST10_Flow4_B1Press.xml
SW.Blocks.FB,ST10_Flow5_FRobot_1,1075,GRAPH,EXPORT/Program blocks/OP010/03_Auto/F_Robot/ST10_Flow5_FRobot_1.xml
SW.Blocks.FB,ST10_Flow5_FRobot_1,1075,GRAPH,EXPORT/Program blocks/OP010/03_Auto/F_Robot/ST10_Flow5_FRobot_1_01092026_152002.xml
SW.Blocks.FB,ST10_Flow5_FRobot_1,1075,GRAPH,EXPORT/Program blocks/OP010/03_Auto/F_Robot/ST10_Flow5_FRobot_1_01092026_152004.xml
SW.Blocks.FB,ST10_Flow6_ToolCodeScan,1076,GRAPH,EXPORT/Program blocks/OP010/03_Auto/01ChangeOver/ST10_Flow6_ToolCodeScan.xml
SW.Blocks.FB,ST10_Flow7_CGlueing,1077,GRAPH,EXPORT/Program blocks/OP010/03_Auto/C_Glue/ST10_Flow7_CGlueing.xml
SW.Blocks.FB,ST10_Flow8_FRobot_2,1078,GRAPH,EXPORT/Program blocks/OP010/03_Auto/F_Robot/ST10_Flow8_FRobot_2.xml
SW.Blocks.FB,ST10_StopperCtrl,2601,LAD,EXPORT/Program blocks/OP010/10_Device/26_Stopper/ST10_StopperCtrl.xml
SW.Blocks.FB,ST10_Stopper_FB,1160,LAD,EXPORT/Program blocks/OP010/10_Device/06_Stopper/ST10_Stopper_FB.xml
SW.Blocks.FB,SafetyGate,5200,LAD,EXPORT/Program blocks/03_Device/102 SafetyGate/SafetyGate.xml
SW.Blocks.FB,SevroStart&PosCheck,4073,LAD,EXPORT/Program blocks/OP010/10_Device/25_V90/V90_Standard/ServoCheck/SevroStart&PosCheck.xml
SW.Blocks.FB,SevroStart&PosCheck_IAI,2209,LAD,EXPORT/Program blocks/OP010/10_Device/22_IAI/ServoCheck/SevroStart&PosCheck_IAI.xml
SW.Blocks.FB,StopperCtrl,2600,LAD,EXPORT/Program blocks/OP010/10_Device/26_Stopper/01_FuncationBlock/StopperCtrl.xml
SW.Blocks.FB,SysFlowCtrlGraph,3006,SCL,EXPORT/Program blocks/02_Comm/02_SysMode/SysFlowCtrlGraph.xml
SW.Blocks.FB,SystemMode,3000,LAD,EXPORT/Program blocks/02_Comm/02_SysMode/SystemMode.xml
SW.Blocks.FB,V90_Servo,2500,LAD,EXPORT/Program blocks/OP010/10_Device/25_V90/V90_Servo.xml
SW.Blocks.FB,fbV90Ctrl,1820,LAD,EXPORT/Program blocks/OP010/10_Device/25_V90/V90_Standard/fbV90Ctrl.xml
SW.Blocks.FC,ChangeOver,3002,SCL,EXPORT/Program blocks/02_Comm/04-ChangeOver/ChangeOver.xml
SW.Blocks.FC,ChangeOverProcess,1000,LAD,EXPORT/Program blocks/OP010/03_Auto/01ChangeOver/ChangeOverProcess.xml
SW.Blocks.FC,CheckData,4023,SCL,EXPORT/Program blocks/02_Comm/06_SysDataBlock&Function/CheckData.xml
SW.Blocks.FC,CuringOven,900,LAD,EXPORT/Program blocks/OP010/10_Device/09_CuringOven/CuringOven.xml
SW.Blocks.FC,CylinderCtrl_V2,3011,SCL,EXPORT/Program blocks/03_Device/101_Cylinder/CylinderCtrl_V2.xml
SW.Blocks.FC,CylinderModule_V2,3010,LAD,EXPORT/Program blocks/03_Device/101_Cylinder/CylinderModule_V2.xml
SW.Blocks.FC,Diagnostic,3001,SCL,EXPORT/Program blocks/02_Comm/03-Diagnosis/Diagnostic.xml
SW.Blocks.FC,Gluing,2800,LAD,EXPORT/Program blocks/OP010/10_Device/28_Gluing/Gluing.xml
SW.Blocks.FC,IAI,2200,LAD,EXPORT/Program blocks/OP010/10_Device/22_IAI/IAI.xml
SW.Blocks.FC,IV3,2100,LAD,EXPORT/Program blocks/OP010/10_Device/21_IV3/IV3.xml
SW.Blocks.FC,KistlerPresser_Main,2300,LAD,EXPORT/Program blocks/OP010/10_Device/23_Kistler/KistlerPresser_Main.xml
SW.Blocks.FC,MES,500,LAD,EXPORT/Program blocks/OP010/11_MES/MES.xml
SW.Blocks.FC,Motorr,3100,LAD,EXPORT/Program blocks/OP010/10_Device/31_Motor_1/Motorr.xml
SW.Blocks.FC,Pallet_NG,2900,LAD,EXPORT/Program blocks/OP010/10_Device/29_NG/Pallet_NG.xml
SW.Blocks.FC,Pilz,2700,LAD,EXPORT/Program blocks/OP010/10_Device/27_Pilz/Pilz.xml
SW.Blocks.FC,Robot,2400,LAD,EXPORT/Program blocks/OP010/10_Device/24_Robot/Robot.xml
SW.Blocks.FC,SR1000,1800,LAD,EXPORT/Program blocks/OP010/10_Device/18_SR1000 Scan/SR1000.xml
SW.Blocks.FC,ST10Cyl_interface1-10,1020,LAD,EXPORT/Program blocks/OP010/10_Device/01_Cylinder/ST10Cyl_interface1-10.xml
SW.Blocks.FC,ST10Cyl_interface11-20,1021,LAD,EXPORT/Program blocks/OP010/10_Device/01_Cylinder/ST10Cyl_interface11-20.xml
SW.Blocks.FC,ST10Cyl_interface21-30,1022,LAD,EXPORT/Program blocks/OP010/10_Device/01_Cylinder/ST10Cyl_interface21-30.xml
SW.Blocks.FC,ST10Cyl_interface31-40,1023,LAD,EXPORT/Program blocks/OP010/10_Device/01_Cylinder/ST10Cyl_interface31-40.xml
SW.Blocks.FC,ST10Cyl_interface41-50,1024,LAD,EXPORT/Program blocks/OP010/10_Device/01_Cylinder/ST10Cyl_interface41-50.xml
SW.Blocks.FC,ST10Cyl_interface51-60,1025,LAD,EXPORT/Program blocks/OP010/10_Device/01_Cylinder/ST10Cyl_interface51-60.xml
SW.Blocks.FC,ST10Cyl_interface61-70,1026,LAD,EXPORT/Program blocks/OP010/10_Device/01_Cylinder/ST10Cyl_interface61-70.xml
SW.Blocks.FC,ST10Cyl_interface71-80,1027,LAD,EXPORT/Program blocks/OP010/10_Device/01_Cylinder/ST10Cyl_interface71-80.xml
SW.Blocks.FC,ST10Cyl_interface81-90,1028,LAD,EXPORT/Program blocks/OP010/10_Device/01_Cylinder/ST10Cyl_interface81-90.xml
SW.Blocks.FC,ST10Cyl_interface91-100,1029,LAD,EXPORT/Program blocks/OP010/10_Device/01_Cylinder/ST10Cyl_interface91-100.xml
SW.Blocks.FC,ST10_Alarm,1005,LAD,EXPORT/Program blocks/OP010/05_Alarm/ST10_Alarm.xml
SW.Blocks.FC,ST10_Analog,1080,SCL,EXPORT/Program blocks/OP010/10_Device/08_PressureAanlog/ST10_Analog.xml
SW.Blocks.FC,ST10_Auto,1003,LAD,EXPORT/Program blocks/OP010/03_Auto/ST10_Auto.xml
SW.Blocks.FC,ST10_ChangeOver,1008,LAD,EXPORT/Program blocks/OP010/08_ChangeOver/ST10_ChangeOver.xml
SW.Blocks.FC,ST10_Device,1010,LAD,EXPORT/Program blocks/OP010/10_Device/ST10_Device.xml
SW.Blocks.FC,ST10_Input,1001,LAD,EXPORT/Program blocks/OP010/01_Input/ST10_Input.xml
SW.Blocks.FC,ST10_Main,1050,LAD,EXPORT/Program blocks/OP010/00_Main/ST10_Main.xml
SW.Blocks.FC,ST10_Manual,1004,LAD,EXPORT/Program blocks/OP010/04_Manual/ST10_Manual.xml
SW.Blocks.FC,ST10_Output,1002,LAD,EXPORT/Program blocks/OP010/02_Output/ST10_Output.xml
SW.Blocks.FC,ST10_PartData,1500,SCL,EXPORT/Program blocks/OP010/12_PartData/ST10_PartData.xml
SW.Blocks.FC,ST10_SafetyGate,1140,SCL,EXPORT/Program blocks/OP010/10_Device/03_SafetyGate/ST10_SafetyGate.xml
SW.Blocks.FC,ST10_Tip,1007,LAD,EXPORT/Program blocks/OP010/07_Tip/ST10_Tip.xml
SW.Blocks.FC,ST10_Warning,1006,LAD,EXPORT/Program blocks/OP010/06_Warning/ST10_Warning.xml
SW.Blocks.FC,Servo,2500,LAD,EXPORT/Program blocks/OP010/10_Device/25_V90/Servo.xml
SW.Blocks.FC,Stopper,2600,LAD,EXPORT/Program blocks/OP010/10_Device/26_Stopper/Stopper.xml
SW.Blocks.FC,fcFixtureCheck,2,LAD,EXPORT/Program blocks/03_Device/100 FixtureCheck/fcFixtureCheck.xml
SW.Blocks.FC,块_1,1,LAD,EXPORT/Program blocks/OP010/10_Device/25_V90/Patch/块_1.xml
SW.Blocks.GlobalDB,AutoProcessControl,5100,DB,EXPORT/Program blocks/OP010/03_Auto/AutoProcessControl.xml
SW.Blocks.GlobalDB,AutoProcessData,1600,DB,EXPORT/Program blocks/OP010/03_Auto/AutoProcessData.xml
SW.Blocks.GlobalDB,AutoProcessData_Buffer,1601,DB,EXPORT/Program blocks/OP010/03_Auto/AutoProcessData_Buffer.xml
SW.Blocks.GlobalDB,AutoProcessData_Buffer_Clear,1602,DB,EXPORT/Program blocks/OP010/03_Auto/AutoProcessData_Buffer_Clear.xml
SW.Blocks.GlobalDB,AutoProcess_HMI,1666,DB,EXPORT/Program blocks/OP010/03_Auto/HMI/AutoProcess_HMI.xml
SW.Blocks.GlobalDB,ChangeOver_DB,1700,DB,EXPORT/Program blocks/OP010/03_Auto/01ChangeOver/ChangeOver_DB.xml
SW.Blocks.GlobalDB,DATA,6,DB,EXPORT/Program blocks/OP010/10_Device/25_V90/Patch/DATA.xml
SW.Blocks.GlobalDB,DB_Commissioning,32767,DB,EXPORT/Program blocks/Z_Reserve/DB_Commissioning.xml
SW.Blocks.GlobalDB,DB_KeyenceCheckerIV3,2101,DB,EXPORT/Program blocks/OP010/10_Device/21_IV3/DB_KeyenceCheckerIV3.xml
SW.Blocks.GlobalDB,Debug,5,DB,EXPORT/Program blocks/OP010/10_Device/25_V90/Debug.xml
SW.Blocks.GlobalDB,DiagnosticDataBlock,3001,DB,EXPORT/Program blocks/02_Comm/03-Diagnosis/DiagnosticDataBlock.xml
SW.Blocks.GlobalDB,GeneralDebug,1,DB,EXPORT/Program blocks/GeneralDebug.xml
SW.Blocks.GlobalDB,GluingControl,2800,DB,EXPORT/Program blocks/OP010/10_Device/28_Gluing/GluingControl.xml
SW.Blocks.GlobalDB,HMISystemDB,2201,DB,EXPORT/Program blocks/OP010/10_Device/22_IAI/HMISystemDB.xml
SW.Blocks.GlobalDB,IAI_A1,2211,DB,EXPORT/Program blocks/OP010/10_Device/22_IAI/IAI_A1.xml
SW.Blocks.GlobalDB,IAI_A2,2212,DB,EXPORT/Program blocks/OP010/10_Device/22_IAI/IAI_A2.xml
SW.Blocks.GlobalDB,IAI_A3,2213,DB,EXPORT/Program blocks/OP010/10_Device/22_IAI/IAI_A3.xml
SW.Blocks.GlobalDB,IAI_DeviceCtl,2204,DB,EXPORT/Program blocks/OP010/10_Device/22_IAI/IAI_DeviceCtl.xml
SW.Blocks.GlobalDB,KistlerPressData1,2311,DB,EXPORT/Program blocks/OP010/10_Device/23_Kistler/Kistler1/KistlerPressData1.xml
SW.Blocks.GlobalDB,KistlerPressData2,2321,DB,EXPORT/Program blocks/OP010/10_Device/23_Kistler/Kistler2/KistlerPressData2.xml
SW.Blocks.GlobalDB,KistlerPresser1_DB,2312,DB,EXPORT/Program blocks/OP010/10_Device/23_Kistler/Kistler1/KistlerPresser1_DB.xml
SW.Blocks.GlobalDB,KistlerPresser2_DB,2322,DB,EXPORT/Program blocks/OP010/10_Device/23_Kistler/Kistler2/KistlerPresser2_DB.xml
SW.Blocks.GlobalDB,MES_CheckControl,2361,DB,EXPORT/Program blocks/OP010/11_MES/MES_CheckControl.xml
SW.Blocks.GlobalDB,MEStoPLC,501,DB,EXPORT/Program blocks/OP010/11_MES/MEStoPLC.xml
SW.Blocks.GlobalDB,ModeDB,2203,DB,EXPORT/Program blocks/OP010/10_Device/22_IAI/ModeDB.xml
SW.Blocks.GlobalDB,MotorControl,3100,DB,EXPORT/Program blocks/OP010/10_Device/31_Motor_1/MotorControl.xml
SW.Blocks.GlobalDB,MotorData,3120,DB,EXPORT/Program blocks/OP010/10_Device/31_Motor_1/MotorData.xml
SW.Blocks.GlobalDB,OP010_MES_RecipeDB,9,DB,EXPORT/Program blocks/OP010/08_ChangeOver/MES/OP010_MES_RecipeDB.xml
SW.Blocks.GlobalDB,OP10_GeneralAnalogDB,1080,DB,EXPORT/Program blocks/OP010/10_Device/08_PressureAanlog/OP10_GeneralAnalogDB.xml
SW.Blocks.GlobalDB,PLCtoMES,500,DB,EXPORT/Program blocks/OP010/11_MES/PLCtoMES.xml
SW.Blocks.GlobalDB,PalletNGData,2900,DB,EXPORT/Program blocks/OP010/10_Device/29_NG/PalletNGData.xml
SW.Blocks.GlobalDB,PalletRelease,9001,DB,EXPORT/Program blocks/OP010/03_Auto/PalletRelease.xml
SW.Blocks.GlobalDB,Parameter,170,DB,EXPORT/Program blocks/OP010/08_ChangeOver/Parameter.xml
SW.Blocks.GlobalDB,PartData_Interface_DB,1500,DB,EXPORT/Program blocks/OP010/12_PartData/PartData_Interface_DB.xml
SW.Blocks.GlobalDB,PilzData,2702,DB,EXPORT/Program blocks/OP010/10_Device/27_Pilz/PilzData.xml
SW.Blocks.GlobalDB,ProcessData_1,2300,DB,EXPORT/Program blocks/OP010/10_Device/23_Kistler/ProcessData_1.xml
SW.Blocks.GlobalDB,Robot_DB,2405,DB,EXPORT/Program blocks/OP010/10_Device/24_Robot/Robot_DB.xml
SW.Blocks.GlobalDB,ST10Cylinder,1020,DB,EXPORT/Program blocks/OP010/10_Device/01_Cylinder/ST10Cylinder.xml
SW.Blocks.GlobalDB,ST10_DBInterface_Stopper,2602,DB,EXPORT/Program blocks/OP010/10_Device/26_Stopper/ST10_DBInterface_Stopper.xml
SW.Blocks.GlobalDB,ST10_DeviceError,1067,DB,EXPORT/Program blocks/OP010/05_Alarm/ST10_DeviceError.xml
SW.Blocks.GlobalDB,ST10_GeneralData,1059,DB,EXPORT/Program blocks/OP010/00_Main/ST10_GeneralData.xml
SW.Blocks.GlobalDB,ST10_GlobalError,1066,DB,EXPORT/Program blocks/OP010/05_Alarm/ST10_GlobalError.xml
SW.Blocks.GlobalDB,ST10_PLC_GetDB,901,DB,EXPORT/Program blocks/OP010/10_Device/09_CuringOven/ST10_PLC_GetDB.xml
SW.Blocks.GlobalDB,ST10_PLC_PutDB,902,DB,EXPORT/Program blocks/OP010/10_Device/09_CuringOven/ST10_PLC_PutDB.xml
SW.Blocks.GlobalDB,ST10_PM,1063,DB,EXPORT/Program blocks/OP010/03_Auto/ST10_PM.xml
SW.Blocks.GlobalDB,ST10_PMCountCycleTime,1061,DB,EXPORT/Program blocks/OP010/09_Count_CycleTime/ST10_PMCountCycleTime.xml
SW.Blocks.GlobalDB,ST10_RecipeActiveDB,1064,DB,EXPORT/Program blocks/OP010/08_ChangeOver/ST10_RecipeActiveDB.xml
SW.Blocks.GlobalDB,ST10_RecipeDB,1062,DB,EXPORT/Program blocks/OP010/08_ChangeOver/ST10_RecipeDB.xml
SW.Blocks.GlobalDB,ST10_RecipeDB_HMI,1079,DB,EXPORT/Program blocks/OP010/08_ChangeOver/ST10_RecipeDB_HMI.xml
SW.Blocks.GlobalDB,ST10_SafetyGate_InterfaceDB,1140,DB,EXPORT/Program blocks/OP010/10_Device/03_SafetyGate/ST10_SafetyGate_InterfaceDB.xml
SW.Blocks.GlobalDB,ST10_Stopper_InterfaceDB,1161,DB,EXPORT/Program blocks/OP010/10_Device/06_Stopper/ST10_Stopper_InterfaceDB.xml
SW.Blocks.GlobalDB,ST10_SysInput,1001,DB,EXPORT/Program blocks/OP010/01_Input/ST10_SysInput.xml
SW.Blocks.GlobalDB,ST10_SysOutput,1002,DB,EXPORT/Program blocks/OP010/02_Output/ST10_SysOutput.xml
SW.Blocks.GlobalDB,ST10_TipDB,1069,DB,EXPORT/Program blocks/OP010/07_Tip/ST10_TipDB.xml
SW.Blocks.GlobalDB,ST10_WarningDB,1068,DB,EXPORT/Program blocks/OP010/06_Warning/ST10_WarningDB.xml
SW.Blocks.GlobalDB,Scanner1LoadData,530,DB,EXPORT/Program blocks/OP010/11_MES/Scanner1LoadData.xml
SW.Blocks.GlobalDB,ServoV90_A1,2501,DB,EXPORT/Program blocks/OP010/10_Device/25_V90/ServoV90_A1.xml
SW.Blocks.GlobalDB,ServoV90_A2,2502,DB,EXPORT/Program blocks/OP010/10_Device/25_V90/ServoV90_A2.xml
SW.Blocks.GlobalDB,ServoV90_A3,2503,DB,EXPORT/Program blocks/OP010/10_Device/25_V90/ServoV90_A3.xml
SW.Blocks.GlobalDB,ServoV90_A4,2504,DB,EXPORT/Program blocks/OP010/10_Device/25_V90/ServoV90_A4.xml
SW.Blocks.GlobalDB,ServoV90_DeviceCtl,4073,DB,EXPORT/Program blocks/OP010/10_Device/25_V90/ServoV90_DeviceCtl.xml
SW.Blocks.GlobalDB,Station1LoadData,510,DB,EXPORT/Program blocks/OP010/11_MES/Station1LoadData.xml
SW.Blocks.GlobalDB,Station1UnLoadData,511,DB,EXPORT/Program blocks/OP010/11_MES/Station1UnLoadData.xml
SW.Blocks.GlobalDB,Station2LoadData,512,DB,EXPORT/Program blocks/OP010/11_MES/Station2LoadData.xml
SW.Blocks.GlobalDB,Station2UnLoadData,513,DB,EXPORT/Program blocks/OP010/11_MES/Station2UnLoadData.xml
SW.Blocks.GlobalDB,Station3LoadData,514,DB,EXPORT/Program blocks/OP010/11_MES/Station3LoadData.xml
SW.Blocks.GlobalDB,Station3UnLoadData,515,DB,EXPORT/Program blocks/OP010/11_MES/Station3UnLoadData.xml
SW.Blocks.GlobalDB,Station4LoadData,516,DB,EXPORT/Program blocks/OP010/11_MES/Station4LoadData.xml
SW.Blocks.GlobalDB,Station4UnLoadData,517,DB,EXPORT/Program blocks/OP010/11_MES/Station4UnLoadData.xml
SW.Blocks.GlobalDB,Station5LoadData,518,DB,EXPORT/Program blocks/OP010/11_MES/Station5LoadData.xml
SW.Blocks.GlobalDB,Station5UnLoadData,519,DB,EXPORT/Program blocks/OP010/11_MES/Station5UnLoadData.xml
SW.Blocks.GlobalDB,Station6LoadData,520,DB,EXPORT/Program blocks/OP010/11_MES/Station6LoadData.xml
SW.Blocks.GlobalDB,Station6UnLoadData,521,DB,EXPORT/Program blocks/OP010/11_MES/Station6UnLoadData.xml
SW.Blocks.GlobalDB,Station7LoadData,522,DB,EXPORT/Program blocks/OP010/11_MES/Station7LoadData.xml
SW.Blocks.GlobalDB,Station7UnLoadData,523,DB,EXPORT/Program blocks/OP010/11_MES/Station7UnLoadData.xml
SW.Blocks.GlobalDB,Station8LoadData,524,DB,EXPORT/Program blocks/OP010/11_MES/Station8LoadData.xml
SW.Blocks.GlobalDB,Station8UnLoadData,525,DB,EXPORT/Program blocks/OP010/11_MES/Station8UnLoadData.xml
SW.Blocks.GlobalDB,Station_Sys,1060,DB,EXPORT/Program blocks/OP010/00_Main/Station_Sys.xml
SW.Blocks.GlobalDB,Sys,3000,DB,EXPORT/Program blocks/02_Comm/06_SysDataBlock&Function/Sys.xml
SW.Blocks.GlobalDB,TON,163,DB,EXPORT/Program blocks/OP010/03_Auto/TON.xml
SW.Blocks.InstanceDB,AutoProcessDataPopUp_DB,2,DB,EXPORT/Program blocks/OP010/03_Auto/HMI/AutoProcessDataPopUp_DB.xml
SW.Blocks.InstanceDB,Axis_FB_DB,2200,DB,EXPORT/Program blocks/OP010/10_Device/22_IAI/Axis_FB_DB.xml
SW.Blocks.InstanceDB,Call_KeyenceCheckerIV_DB,2100,DB,EXPORT/Program blocks/OP010/10_Device/21_IV3/Call_KeyenceCheckerIV_DB.xml
SW.Blocks.InstanceDB,CheckPositioningOrder_IDB,3,DB,EXPORT/Program blocks/OP010/10_Device/25_V90/Patch/CheckPositioningOrder_IDB.xml
SW.Blocks.InstanceDB,DB_maXYmosNC1,2310,DB,EXPORT/Program blocks/OP010/10_Device/23_Kistler/Kistler1/DB_maXYmosNC1.xml
SW.Blocks.InstanceDB,DB_maXYmosNC2,2320,DB,EXPORT/Program blocks/OP010/10_Device/23_Kistler/Kistler2/DB_maXYmosNC2.xml
SW.Blocks.InstanceDB,DT-Chars_DB,2360,DB,EXPORT/Program blocks/OP010/11_MES/DT-Chars_DB.xml
SW.Blocks.InstanceDB,IAI_Position_DB,2210,DB,EXPORT/Program blocks/OP010/10_Device/22_IAI/IAI_Position_DB.xml
SW.Blocks.InstanceDB,KeyenceSR1000Ctrl_800A1DB,1805,DB,EXPORT/Program blocks/OP010/10_Device/18_SR1000 Scan/KeyenceSR1000Ctrl_800A1DB.xml
SW.Blocks.InstanceDB,KeyenceSR1000Ctrl_801A1DB,1801,DB,EXPORT/Program blocks/OP010/10_Device/18_SR1000 Scan/KeyenceSR1000Ctrl_801A1DB.xml
SW.Blocks.InstanceDB,KeyenceSR1000Ctrl_802A1DB,1806,DB,EXPORT/Program blocks/OP010/10_Device/18_SR1000 Scan/KeyenceSR1000Ctrl_802A1DB.xml
SW.Blocks.InstanceDB,KeyenceSR1000Ctrl_803A1DB,1802,DB,EXPORT/Program blocks/OP010/10_Device/18_SR1000 Scan/KeyenceSR1000Ctrl_803A1DB.xml
SW.Blocks.InstanceDB,KeyenceSR1000Ctrl_804A1DB,1803,DB,EXPORT/Program blocks/OP010/10_Device/18_SR1000 Scan/KeyenceSR1000Ctrl_804A1DB.xml
SW.Blocks.InstanceDB,KeyenceSR1000Ctrl_805A1DB,1807,DB,EXPORT/Program blocks/OP010/10_Device/18_SR1000 Scan/KeyenceSR1000Ctrl_805A1DB.xml
SW.Blocks.InstanceDB,KeyenceSR1000Ctrl_806A1DB,1804,DB,EXPORT/Program blocks/OP010/10_Device/18_SR1000 Scan/KeyenceSR1000Ctrl_806A1DB.xml
SW.Blocks.InstanceDB,KeyenceSR1000Ctrl_807A1DB,1808,DB,EXPORT/Program blocks/OP010/10_Device/18_SR1000 Scan/KeyenceSR1000Ctrl_807A1DB.xml
SW.Blocks.InstanceDB,KukaRobot1_CtrlDB,2401,DB,EXPORT/Program blocks/OP010/10_Device/24_Robot/KukaRobot1_CtrlDB.xml
SW.Blocks.InstanceDB,KukaRobot2_CtrlDB,2402,DB,EXPORT/Program blocks/OP010/10_Device/24_Robot/KukaRobot2_CtrlDB.xml
SW.Blocks.InstanceDB,KukaRobot3_CtrlDB,2403,DB,EXPORT/Program blocks/OP010/10_Device/24_Robot/KukaRobot3_CtrlDB.xml
SW.Blocks.InstanceDB,MES_CHeck_DB,111,DB,EXPORT/Program blocks/OP010/11_MES/MES_CHeck_DB.xml
SW.Blocks.InstanceDB,MotorContro_DB_1,3101,DB,EXPORT/Program blocks/OP010/10_Device/31_Motor_1/MotorContro_DB_1.xml
SW.Blocks.InstanceDB,MotorContro_DB_11,3111,DB,EXPORT/Program blocks/OP010/10_Device/31_Motor_1/MotorContro_DB_11.xml
SW.Blocks.InstanceDB,MotorContro_DB_12,3112,DB,EXPORT/Program blocks/OP010/10_Device/31_Motor_1/MotorContro_DB_12.xml
SW.Blocks.InstanceDB,MotorContro_DB_13,3113,DB,EXPORT/Program blocks/OP010/10_Device/31_Motor_1/MotorContro_DB_13.xml
SW.Blocks.InstanceDB,MotorContro_DB_14,3114,DB,EXPORT/Program blocks/OP010/10_Device/31_Motor_1/MotorContro_DB_14.xml
SW.Blocks.InstanceDB,MotorContro_DB_15,3115,DB,EXPORT/Program blocks/OP010/10_Device/31_Motor_1/MotorContro_DB_15.xml
SW.Blocks.InstanceDB,MotorContro_DB_16,3116,DB,EXPORT/Program blocks/OP010/10_Device/31_Motor_1/MotorContro_DB_16.xml
SW.Blocks.InstanceDB,MotorContro_DB_17,3117,DB,EXPORT/Program blocks/OP010/10_Device/31_Motor_1/MotorContro_DB_17.xml
SW.Blocks.InstanceDB,MotorContro_DB_2,3102,DB,EXPORT/Program blocks/OP010/10_Device/31_Motor_1/MotorContro_DB_2.xml
SW.Blocks.InstanceDB,MotorContro_DB_3,3103,DB,EXPORT/Program blocks/OP010/10_Device/31_Motor_1/MotorContro_DB_3.xml
SW.Blocks.InstanceDB,MotorContro_DB_4,3104,DB,EXPORT/Program blocks/OP010/10_Device/31_Motor_1/MotorContro_DB_4.xml
SW.Blocks.InstanceDB,NG_DB,2901,DB,EXPORT/Program blocks/OP010/10_Device/29_NG/NG_DB.xml
SW.Blocks.InstanceDB,PartDataManage_Part1_DB,1501,DB,EXPORT/Program blocks/OP010/12_PartData/PartDataManage_Part1_DB.xml
SW.Blocks.InstanceDB,PartDataManage_Part2_DB,1502,DB,EXPORT/Program blocks/OP010/12_PartData/PartDataManage_Part2_DB.xml
SW.Blocks.InstanceDB,PartDataManage_Part3_DB,1503,DB,EXPORT/Program blocks/OP010/12_PartData/PartDataManage_Part3_DB.xml
SW.Blocks.InstanceDB,PartDataManage_Part4_DB,1504,DB,EXPORT/Program blocks/OP010/12_PartData/PartDataManage_Part4_DB.xml
SW.Blocks.InstanceDB,ST10_CountCycleTimeMain_DB,1009,DB,EXPORT/Program blocks/OP010/09_Count_CycleTime/ST10_CountCycleTimeMain_DB.xml
SW.Blocks.InstanceDB,ST10_FB_S7connect_IDB,900,DB,EXPORT/Program blocks/OP010/10_Device/09_CuringOven/IDBs/ST10_FB_S7connect_IDB.xml
SW.Blocks.InstanceDB,ST10_FB_Tower_4Lamp_DB,5050,DB,EXPORT/Program blocks/OP010/02_Output/ST10_FB_Tower_4Lamp_DB.xml
SW.Blocks.InstanceDB,ST10_Flow11_A2TableScan_iDB,1081,DB,EXPORT/Program blocks/OP010/03_Auto/M_iDB/ST10_Flow11_A2TableScan_iDB.xml
SW.Blocks.InstanceDB,ST10_Flow12_A2TableUnloading_iDB,1082,DB,EXPORT/Program blocks/OP010/03_Auto/M_iDB/ST10_Flow12_A2TableUnloading_iDB.xml
SW.Blocks.InstanceDB,ST10_Flow14_B2Press_iDB,1084,DB,EXPORT/Program blocks/OP010/03_Auto/M_iDB/ST10_Flow14_B2Press_iDB.xml
SW.Blocks.InstanceDB,ST10_Flow15_FRobot_3_iDB,1085,DB,EXPORT/Program blocks/OP010/03_Auto/M_iDB/ST10_Flow15_FRobot_3_iDB.xml
SW.Blocks.InstanceDB,ST10_Flow1_A1TableScan_iDB,1071,DB,EXPORT/Program blocks/OP010/03_Auto/M_iDB/ST10_Flow1_A1TableScan_iDB.xml
SW.Blocks.InstanceDB,ST10_Flow21_HShaftLifting_iDB,1091,DB,EXPORT/Program blocks/OP010/03_Auto/M_iDB/ST10_Flow21_HShaftLifting_iDB.xml
SW.Blocks.InstanceDB,ST10_Flow22_JMagnetLifting_iDB,1092,DB,EXPORT/Program blocks/OP010/03_Auto/M_iDB/ST10_Flow22_JMagnetLifting_iDB.xml
SW.Blocks.InstanceDB,ST10_Flow23_KReserveLifting_iDB,1093,DB,EXPORT/Program blocks/OP010/03_Auto/M_iDB/ST10_Flow23_KReserveLifting_iDB.xml
SW.Blocks.InstanceDB,ST10_Flow24_LUnloadingTrans_iDB,1094,DB,EXPORT/Program blocks/OP010/03_Auto/M_iDB/ST10_Flow24_LUnloadingTrans_iDB.xml
SW.Blocks.InstanceDB,ST10_Flow25_HShaftLoad&Unload_iDB,1095,DB,EXPORT/Program blocks/OP010/03_Auto/M_iDB/ST10_Flow25_HShaftLoad&Unload_iDB.xml
SW.Blocks.InstanceDB,ST10_Flow26_JMagnetLoad&Unload_iDB,1096,DB,EXPORT/Program blocks/OP010/03_Auto/M_iDB/ST10_Flow26_JMagnetLoad&Unload_iDB.xml
SW.Blocks.InstanceDB,ST10_Flow27_KReserveLoad&Unload_iDB,1097,DB,EXPORT/Program blocks/OP010/03_Auto/M_iDB/ST10_Flow27_KReserveLoad&Unload_iDB.xml
SW.Blocks.InstanceDB,ST10_Flow28_LUnloadingLoad&Unload_IiDB,1098,DB,EXPORT/Program blocks/OP010/03_Auto/M_iDB/ST10_Flow28_LUnloadingLoad&Unload_IiDB.xml
SW.Blocks.InstanceDB,ST10_Flow2_A1TableUnloading_iDB,1072,DB,EXPORT/Program blocks/OP010/03_Auto/M_iDB/ST10_Flow2_A1TableUnloading_iDB.xml
SW.Blocks.InstanceDB,ST10_Flow3_A1RotaryScan_iDB,1073,DB,EXPORT/Program blocks/OP010/03_Auto/M_iDB/ST10_Flow3_A1RotaryScan_iDB.xml
SW.Blocks.InstanceDB,ST10_Flow4_B1Press_iDB,1074,DB,EXPORT/Program blocks/OP010/03_Auto/M_iDB/ST10_Flow4_B1Press_iDB.xml
SW.Blocks.InstanceDB,ST10_Flow5_FRobot_1_iDB,1075,DB,EXPORT/Program blocks/OP010/03_Auto/M_iDB/ST10_Flow5_FRobot_1_iDB.xml
SW.Blocks.InstanceDB,ST10_Flow6_FixtureCodeScan_iDB,1076,DB,EXPORT/Program blocks/OP010/03_Auto/M_iDB/ST10_Flow6_FixtureCodeScan_iDB.xml
SW.Blocks.InstanceDB,ST10_Flow7_CGlueing_iDB,1077,DB,EXPORT/Program blocks/OP010/03_Auto/M_iDB/ST10_Flow7_CGlueing_iDB.xml
SW.Blocks.InstanceDB,ST10_Flow8_FRobot_2_iDB,1078,DB,EXPORT/Program blocks/OP010/03_Auto/M_iDB/ST10_Flow8_FRobot_2_iDB.xml
SW.Blocks.InstanceDB,ST10_MaterialGate1_DB,1151,DB,EXPORT/Program blocks/OP010/10_Device/03_SafetyGate/ST10_MaterialGate1_DB.xml
SW.Blocks.InstanceDB,ST10_MaterialGate2_DB,1152,DB,EXPORT/Program blocks/OP010/10_Device/03_SafetyGate/ST10_MaterialGate2_DB.xml
SW.Blocks.InstanceDB,ST10_MaterialGate3_DB,1153,DB,EXPORT/Program blocks/OP010/10_Device/03_SafetyGate/ST10_MaterialGate3_DB.xml
SW.Blocks.InstanceDB,ST10_MaterialGate4_DB,1154,DB,EXPORT/Program blocks/OP010/10_Device/03_SafetyGate/ST10_MaterialGate4_DB.xml
SW.Blocks.InstanceDB,ST10_MaterialGate5_DB,1155,DB,EXPORT/Program blocks/OP010/10_Device/03_SafetyGate/ST10_MaterialGate5_DB.xml
SW.Blocks.InstanceDB,ST10_MaterialGate6_DB,1156,DB,EXPORT/Program blocks/OP010/10_Device/03_SafetyGate/ST10_MaterialGate6_DB.xml
SW.Blocks.InstanceDB,ST10_MaterialGate7_DB,1157,DB,EXPORT/Program blocks/OP010/10_Device/03_SafetyGate/ST10_MaterialGate7_DB.xml
SW.Blocks.InstanceDB,ST10_NGGate1_DB,1158,DB,EXPORT/Program blocks/OP010/10_Device/03_SafetyGate/ST10_NGGate1_DB.xml
SW.Blocks.InstanceDB,ST10_NGGate2_DB,1159,DB,EXPORT/Program blocks/OP010/10_Device/03_SafetyGate/ST10_NGGate2_DB.xml
SW.Blocks.InstanceDB,ST10_SafetyGate1_DB,1141,DB,EXPORT/Program blocks/OP010/10_Device/03_SafetyGate/ST10_SafetyGate1_DB.xml
SW.Blocks.InstanceDB,ST10_SafetyGate2_DB,1142,DB,EXPORT/Program blocks/OP010/10_Device/03_SafetyGate/ST10_SafetyGate2_DB.xml
SW.Blocks.InstanceDB,ST10_SafetyGate3_DB,1143,DB,EXPORT/Program blocks/OP010/10_Device/03_SafetyGate/ST10_SafetyGate3_DB.xml
SW.Blocks.InstanceDB,ST10_SafetyGate4_DB,1144,DB,EXPORT/Program blocks/OP010/10_Device/03_SafetyGate/ST10_SafetyGate4_DB.xml
SW.Blocks.InstanceDB,ST10_SafetyGate5_DB,1145,DB,EXPORT/Program blocks/OP010/10_Device/03_SafetyGate/ST10_SafetyGate5_DB.xml
SW.Blocks.InstanceDB,ST10_SafetyGate6_DB,1146,DB,EXPORT/Program blocks/OP010/10_Device/03_SafetyGate/ST10_SafetyGate6_DB.xml
SW.Blocks.InstanceDB,ST10_SafetyGate7_DB,1147,DB,EXPORT/Program blocks/OP010/10_Device/03_SafetyGate/ST10_SafetyGate7_DB.xml
SW.Blocks.InstanceDB,ST10_SafetyGate8_DB,1148,DB,EXPORT/Program blocks/OP010/10_Device/03_SafetyGate/ST10_SafetyGate8_DB.xml
SW.Blocks.InstanceDB,ST10_SafetyGate9_DB,1149,DB,EXPORT/Program blocks/OP010/10_Device/03_SafetyGate/ST10_SafetyGate9_DB.xml
SW.Blocks.InstanceDB,ST10_StopperCtrl_DB,2601,DB,EXPORT/Program blocks/OP010/10_Device/26_Stopper/ST10_StopperCtrl_DB.xml
SW.Blocks.InstanceDB,ST10_Stopper_FB_DB,1160,DB,EXPORT/Program blocks/OP010/10_Device/06_Stopper/ST10_Stopper_FB_DB.xml
SW.Blocks.InstanceDB,ST10_SystemModeFB_iDB,1000,DB,EXPORT/Program blocks/OP010/00_Main/iDB/ST10_SystemModeFB_iDB.xml
SW.Blocks.InstanceDB,V90Servo_DB,2500,DB,EXPORT/Program blocks/OP010/10_Device/25_V90/V90Servo_DB.xml
SW.Blocks.OB,01_OB1,1,LAD,EXPORT/Program blocks/01_OB/01_OB1.xml
SW.Blocks.OB,02_Warm Restart,100,LAD,EXPORT/Program blocks/01_OB/02_Warm Restart.xml
SW.Blocks.OB,03_CYC_INT2,32,LAD,EXPORT/Program blocks/01_OB/03_CYC_INT2.xml
SW.Blocks.OB,04_CYC_INT5,35,LAD,EXPORT/Program blocks/01_OB/04_CYC_INT5.xml
SW.Blocks.OB,05_MOD_ERR,122,STL,EXPORT/Program blocks/01_OB/05_MOD_ERR.xml
SW.Blocks.OB,07_CYCL_FLT,80,STL,EXPORT/Program blocks/01_OB/07_CYCL_FLT.xml
SW.Blocks.OB,08_HW_INT0,40,LAD,EXPORT/Program blocks/01_OB/08_HW_INT0.xml
SW.Blocks.OB,09_I/O_FLT1,82,STL,EXPORT/Program blocks/01_OB/09_IO_FLT1.xml
SW.Blocks.OB,11_PROG_ERR,121,STL,EXPORT/Program blocks/01_OB/11_PROG_ERR.xml
SW.Blocks.OB,12_RACK_FLT,86,STL,EXPORT/Program blocks/01_OB/12_RACK_FLT.xml
SW.Types.PlcStruct,AGV_ShW,,,EXPORT/PLC data types/Shopworx/Fuction/AGV_ShW.xml
SW.Types.PlcStruct,ATEQRecipe,,,EXPORT/PLC data types/500 User/ATEQRecipe.xml
SW.Types.PlcStruct,Alarm_ShW,,,EXPORT/PLC data types/Shopworx/Alarm/Alarm_ShW.xml
SW.Types.PlcStruct,BatchCheck_ShW,,,EXPORT/PLC data types/Shopworx/Fuction/BatchCheck_ShW.xml
SW.Types.PlcStruct,Bound_ShW,,,EXPORT/PLC data types/Shopworx/Fuction/Bound_ShW.xml
SW.Types.PlcStruct,Changeover_ShW,,,EXPORT/PLC data types/Shopworx/Fuction/ChangeOver&Recipe/Changeover_ShW.xml
SW.Types.PlcStruct,Check,,,EXPORT/PLC data types/500 User/Check.xml
SW.Types.PlcStruct,CheckIn_ShW,,,EXPORT/PLC data types/Shopworx/Fuction/CheckIn_ShW.xml
SW.Types.PlcStruct,CheckOut_ShW,,,EXPORT/PLC data types/Shopworx/Fuction/CheckOut_ShW.xml
SW.Types.PlcStruct,Component Check_ShW,,,EXPORT/PLC data types/Shopworx/Fuction/Component Check_ShW.xml
SW.Types.PlcStruct,ComponentID_ShW,,,EXPORT/PLC data types/Shopworx/Fuction/ComponentID_ShW.xml
SW.Types.PlcStruct,Cyl,,,EXPORT/PLC data types/03 FunctionBlocks/101 Cylinder/Cyl.xml
SW.Types.PlcStruct,FixtureCheck_UDT,,,EXPORT/PLC data types/03 FunctionBlocks/100 FixtureCheck/FixtureCheck_UDT.xml
SW.Types.PlcStruct,HMI_Axis,,,EXPORT/PLC data types/LXL/IAIStructS/HMI_Axis.xml
SW.Types.PlcStruct,Handshake_ShW,,,EXPORT/PLC data types/Shopworx/General/Handshake_ShW.xml
SW.Types.PlcStruct,IAI Input Struct,,,EXPORT/PLC data types/LXL/IAIStructS/IAI Input Struct.xml
SW.Types.PlcStruct,IAI Output Struct,,,EXPORT/PLC data types/LXL/IAIStructS/IAI Output Struct.xml
SW.Types.PlcStruct,IAI Par Struct,,,EXPORT/PLC data types/LXL/IAIStructS/IAI Par Struct.xml
SW.Types.PlcStruct,KISTLER_HMI_DATA,,,EXPORT/PLC data types/LXL/Kistler/06_KISTLER/KISTLER_HMI_DATA.xml
SW.Types.PlcStruct,KISTLER_TO_PLC,,,EXPORT/PLC data types/LXL/Kistler/06_KISTLER/KISTLER_TO_PLC.xml
SW.Types.PlcStruct,KukaRobot_HMI,,,EXPORT/PLC data types/LXL/KukaRobot/KukaRobot_HMI.xml
SW.Types.PlcStruct,KukaRobot_SysInput,,,EXPORT/PLC data types/LXL/KukaRobot/KukaRobot_SysInput.xml
SW.Types.PlcStruct,KukaRobot_SysOutput,,,EXPORT/PLC data types/LXL/KukaRobot/KukaRobot_SysOutput.xml
SW.Types.PlcStruct,KukaRobot_UserInput_1,,,EXPORT/PLC data types/LXL/KukaRobot/KukaRobot_UserInput_1.xml
SW.Types.PlcStruct,KukaRobot_UserInput_2,,,EXPORT/PLC data types/LXL/KukaRobot/KukaRobot_UserInput_2.xml
SW.Types.PlcStruct,KukaRobot_UserInput_3,,,EXPORT/PLC data types/LXL/KukaRobot/KukaRobot_UserInput_3.xml
SW.Types.PlcStruct,KukaRobot_UserOutput_1,,,EXPORT/PLC data types/LXL/KukaRobot/KukaRobot_UserOutput_1.xml
SW.Types.PlcStruct,KukaRobot_UserOutput_2,,,EXPORT/PLC data types/LXL/KukaRobot/KukaRobot_UserOutput_2.xml
SW.Types.PlcStruct,KukaRobot_UserOutput_3,,,EXPORT/PLC data types/LXL/KukaRobot/KukaRobot_UserOutput_3.xml
SW.Types.PlcStruct,LaserMarkingBuffer,,,EXPORT/PLC data types/MES_EXT/MES to PLC_ext/OLD/LaserMarkingBuffer.xml
SW.Types.PlcStruct,LogInOut_ShW,,,EXPORT/PLC data types/Shopworx/Fuction/LogInOut_ShW.xml
SW.Types.PlcStruct,MEStoPLC_AGVExchange,,,EXPORT/PLC data types/MES/MES to PLC/OLD/MEStoPLC_AGVExchange.xml
SW.Types.PlcStruct,MEStoPLC_AlarmMassage_ext,,,EXPORT/PLC data types/MES_EXT/MES to PLC_ext/OLD/MEStoPLC_AlarmMassage_ext.xml
SW.Types.PlcStruct,MEStoPLC_Common,,,EXPORT/PLC data types/MES/MES to PLC/OLD/MEStoPLC_Common.xml
SW.Types.PlcStruct,MEStoPLC_Common_ext,,,EXPORT/PLC data types/MES_EXT/MES to PLC_ext/Cammand/MEStoPLC_Common_ext.xml
SW.Types.PlcStruct,MEStoPLC_MainCheckIn,,,EXPORT/PLC data types/MES/MES to PLC/OLD/MEStoPLC_MainCheckIn.xml
SW.Types.PlcStruct,MEStoPLC_MainCheckInStation1ST350_Laser,,,EXPORT/PLC data types/MES_EXT/MES to PLC_ext/OLD/MEStoPLC_MainCheckInStation1ST350_Laser.xml
SW.Types.PlcStruct,MEStoPLC_MainCheckInStation1ST350_ext,,,EXPORT/PLC data types/MES_EXT/MES to PLC_ext/OLD/MEStoPLC_MainCheckInStation1ST350_ext.xml
SW.Types.PlcStruct,MEStoPLC_MainCheckInStation2ST350_ext,,,EXPORT/PLC data types/MES_EXT/MES to PLC_ext/OLD/MEStoPLC_MainCheckInStation2ST350_ext.xml
SW.Types.PlcStruct,MEStoPLC_MainCheckIn_ext,,,EXPORT/PLC data types/MES_EXT/MES to PLC_ext/Cammand/MEStoPLC_MainCheckIn_ext.xml
SW.Types.PlcStruct,MEStoPLC_MainCheckOut,,,EXPORT/PLC data types/MES/MES to PLC/OLD/MEStoPLC_MainCheckOut.xml
SW.Types.PlcStruct,MEStoPLC_MainCheckOut_ext,,,EXPORT/PLC data types/MES_EXT/MES to PLC_ext/Cammand/MEStoPLC_MainCheckOut_ext.xml
SW.Types.PlcStruct,MEStoPLC_PrintExchange,,,EXPORT/PLC data types/MES/MES to PLC/OLD/MEStoPLC_PrintExchange.xml
SW.Types.PlcStruct,MEStoPLC_PrintExchange_ext,,,EXPORT/PLC data types/MES_EXT/MES to PLC_ext/Cammand/MEStoPLC_PrintExchange_ext.xml
SW.Types.PlcStruct,MEStoPLC_ProcessingExchange,,,EXPORT/PLC data types/MES/MES to PLC/OLD/MEStoPLC_ProcessingExchange.xml
SW.Types.PlcStruct,MEStoPLC_RecipeData_OP220,,,EXPORT/PLC data types/MES/MES to PLC/OLD/MEStoPLC_RecipeData_OP220.xml
SW.Types.PlcStruct,MEStoPLC_RecipeParameter_OP220,,,EXPORT/PLC data types/MES/MES to PLC/OLD/MEStoPLC_RecipeParameter_OP220.xml
SW.Types.PlcStruct,MEStoPLC_ResultsStoredScanExchange_ext,,,EXPORT/PLC data types/MES_EXT/MES to PLC_ext/Cammand/MEStoPLC_ResultsStoredScanExchange_ext.xml
SW.Types.PlcStruct,MEStoPLC_ST350,,,EXPORT/PLC data types/MES/MES to PLC/OLD/MEStoPLC_ST350.xml
SW.Types.PlcStruct,MEStoPLC_ST350_ext,,,EXPORT/PLC data types/MES_EXT/MES to PLC_ext/MEStoPLC_ST350_ext.xml
SW.Types.PlcStruct,MEStoPLC_SubCheckIn,,,EXPORT/PLC data types/MES/MES to PLC/OLD/MEStoPLC_SubCheckIn.xml
SW.Types.PlcStruct,MEStoPLC_SubCheckIn_ext,,,EXPORT/PLC data types/MES_EXT/MES to PLC_ext/Cammand/MEStoPLC_SubCheckIn_ext.xml
SW.Types.PlcStruct,MaterialGateUDT,,,EXPORT/PLC data types/03 FunctionBlocks/105 MaterialGate/MaterialGateUDT.xml
SW.Types.PlcStruct,ModeGenStruct,,,EXPORT/PLC data types/LXL/IAIStructS/ModeStructs/ModeGenStruct.xml
SW.Types.PlcStruct,ModeOutStruct,,,EXPORT/PLC data types/LXL/IAIStructS/ModeStructs/ModeOutStruct.xml
SW.Types.PlcStruct,Motor_Control,,,EXPORT/PLC data types/LXL/Motor/Motor_Control.xml
SW.Types.PlcStruct,OP40_Data,,,EXPORT/PLC data types/LXL/Kistler/OP40_Data.xml
SW.Types.PlcStruct,PLC_TO_KISTLER,,,EXPORT/PLC data types/LXL/Kistler/06_KISTLER/PLC_TO_KISTLER.xml
SW.Types.PlcStruct,PLCtoMES_AGVExchange,,,EXPORT/PLC data types/MES/PLC to MES/OLD/PLCtoMES_AGVExchange.xml
SW.Types.PlcStruct,PLCtoMES_AlarmExchange,,,EXPORT/PLC data types/MES/PLC to MES/OLD/PLCtoMES_AlarmExchange.xml
SW.Types.PlcStruct,PLCtoMES_AlarmMassage_ext,,,EXPORT/PLC data types/MES_EXT/PLC to MES_ext/OLD/PLCtoMES_AlarmMassage_ext.xml
SW.Types.PlcStruct,PLCtoMES_Common,,,EXPORT/PLC data types/MES/PLC to MES/OLD/PLCtoMES_Common.xml
SW.Types.PlcStruct,PLCtoMES_Common_ext,,,EXPORT/PLC data types/MES_EXT/PLC to MES_ext/Cammand/PLCtoMES_Common_ext.xml
SW.Types.PlcStruct,PLCtoMES_MainCheckIn,,,EXPORT/PLC data types/MES/PLC to MES/OLD/PLCtoMES_MainCheckIn.xml
SW.Types.PlcStruct,PLCtoMES_MainCheckIn_ext,,,EXPORT/PLC data types/MES_EXT/PLC to MES_ext/Cammand/PLCtoMES_MainCheckIn_ext.xml
SW.Types.PlcStruct,PLCtoMES_MainCheckOut,,,EXPORT/PLC data types/MES/PLC to MES/OLD/PLCtoMES_MainCheckOut.xml
SW.Types.PlcStruct,PLCtoMES_MainCheckOutProcessData_OP220,,,EXPORT/PLC data types/MES/PLC to MES/OLD/PLCtoMES_MainCheckOutProcessData_OP220.xml
SW.Types.PlcStruct,PLCtoMES_MainCheckOutStation1ST350_ext,,,EXPORT/PLC data types/MES_EXT/PLC to MES_ext/OLD/PLCtoMES_MainCheckOutStation1ST350_ext.xml
SW.Types.PlcStruct,PLCtoMES_MainCheckOutStation2ST350_ext,,,EXPORT/PLC data types/MES_EXT/PLC to MES_ext/OLD/PLCtoMES_MainCheckOutStation2ST350_ext.xml
SW.Types.PlcStruct,PLCtoMES_MainCheckOut_ext,,,EXPORT/PLC data types/MES_EXT/PLC to MES_ext/Cammand/PLCtoMES_MainCheckOut_ext.xml
SW.Types.PlcStruct,PLCtoMES_OP_ProcessData_OP220,,,EXPORT/PLC data types/MES/PLC to MES/OLD/PLCtoMES_OP_ProcessData_OP220.xml
SW.Types.PlcStruct,PLCtoMES_PrintExchange,,,EXPORT/PLC data types/MES/PLC to MES/OLD/PLCtoMES_PrintExchange.xml
SW.Types.PlcStruct,PLCtoMES_PrintExchange_ext,,,EXPORT/PLC data types/MES_EXT/PLC to MES_ext/Cammand/PLCtoMES_PrintExchange_ext.xml
SW.Types.PlcStruct,PLCtoMES_ProcessData,,,EXPORT/PLC data types/MES/PLC to MES/OLD/PLCtoMES_ProcessData.xml
SW.Types.PlcStruct,PLCtoMES_ProcessingExchange,,,EXPORT/PLC data types/MES/PLC to MES/OLD/PLCtoMES_ProcessingExchange.xml
SW.Types.PlcStruct,PLCtoMES_RealTimeData,,,EXPORT/PLC data types/MES/PLC to MES/OLD/PLCtoMES_RealTimeData.xml
SW.Types.PlcStruct,PLCtoMES_ResultsStoredScanExchange_ext,,,EXPORT/PLC data types/MES_EXT/PLC to MES_ext/Cammand/PLCtoMES_ResultsStoredScanExchange_ext.xml
SW.Types.PlcStruct,PLCtoMES_ST350,,,EXPORT/PLC data types/MES/PLC to MES/OLD/PLCtoMES_ST350.xml
SW.Types.PlcStruct,PLCtoMES_ST350_ext,,,EXPORT/PLC data types/MES_EXT/PLC to MES_ext/PLCtoMES_ST350_ext.xml
SW.Types.PlcStruct,PLCtoMES_SubCheckIn,,,EXPORT/PLC data types/MES/PLC to MES/OLD/PLCtoMES_SubCheckIn.xml
SW.Types.PlcStruct,PLCtoMES_SubCheckIn_ext,,,EXPORT/PLC data types/MES_EXT/PLC to MES_ext/Cammand/PLCtoMES_SubCheckIn_ext.xml
SW.Types.PlcStruct,PartCodeStruct_UDT,,,EXPORT/PLC data types/03 FunctionBlocks/104 PartDataManage/104.1 UDT/PartCodeStruct_UDT.xml
SW.Types.PlcStruct,PartDataHMI,,,EXPORT/PLC data types/03 FunctionBlocks/104 PartDataManage/104.1 UDT/PartDataHMI.xml
SW.Types.PlcStruct,PartData_UDT,,,EXPORT/PLC data types/03 FunctionBlocks/104 PartDataManage/104.1 UDT/PartData_UDT.xml
SW.Types.PlcStruct,PartNumber_ShW,,,EXPORT/PLC data types/Shopworx/General/PartNumber_ShW.xml
SW.Types.PlcStruct,PosList,,,EXPORT/PLC data types/LXL/Sevro/PosList.xml
SW.Types.PlcStruct,PosList_IAI,,,EXPORT/PLC data types/LXL/Sevro/PosList_IAI.xml
SW.Types.PlcStruct,PresserRecipe,,,EXPORT/PLC data types/500 User/PresserRecipe.xml
SW.Types.PlcStruct,ProcessCheck_ShW,,,EXPORT/PLC data types/Shopworx/Fuction/ProcessCheck_ShW.xml
SW.Types.PlcStruct,ProcessData,,,EXPORT/PLC data types/LXL/ProcessData.xml
SW.Types.PlcStruct,Processing_ShW,,,EXPORT/PLC data types/Shopworx/Fuction/Processing_ShW.xml
SW.Types.PlcStruct,RCS_CountCycleTime_V1,,,EXPORT/PLC data types/00 Sys/RCS_CountCycleTime_V1.xml
SW.Types.PlcStruct,RCS_KeyenceSR1000_HMI1,,,EXPORT/PLC data types/KeyenceSR1000/02_PLCDataType/RCS_KeyenceSR1000_HMI1.xml
SW.Types.PlcStruct,RCS_KeyenceSR1000_Input1,,,EXPORT/PLC data types/KeyenceSR1000/02_PLCDataType/RCS_KeyenceSR1000_Input1.xml
SW.Types.PlcStruct,RCS_KeyenceSR1000_Output1,,,EXPORT/PLC data types/KeyenceSR1000/02_PLCDataType/RCS_KeyenceSR1000_Output1.xml
SW.Types.PlcStruct,RCS_PMInterface_V1,,,EXPORT/PLC data types/00 Sys/RCS_PMInterface_V1.xml
SW.Types.PlcStruct,RCS_SysAlarmWarning_V1,,,EXPORT/PLC data types/00 Sys/RCS_SysAlarmWarning_V1.xml
SW.Types.PlcStruct,RCS_SysAuto_V1,,,EXPORT/PLC data types/00 Sys/UDT/RCS_SysAuto_V1.xml
SW.Types.PlcStruct,RCS_SysCmd_V1,,,EXPORT/PLC data types/00 Sys/RCS_SysCmd_V1.xml
SW.Types.PlcStruct,RCS_SysComInterface_V1,,,EXPORT/PLC data types/00 Sys/UDT/RCS_SysComInterface_V1.xml
SW.Types.PlcStruct,RCS_SysCount_V1,,,EXPORT/PLC data types/00 Sys/RCS_SysCount_V1.xml
SW.Types.PlcStruct,RCS_SysCycleTime_V1,,,EXPORT/PLC data types/00 Sys/RCS_SysCycleTime_V1.xml
SW.Types.PlcStruct,RCS_SysManual_V1,,,EXPORT/PLC data types/00 Sys/RCS_SysManual_V1.xml
SW.Types.PlcStruct,RCS_SysSafety_V1,,,EXPORT/PLC data types/00 Sys/RCS_SysSafety_V1.xml
SW.Types.PlcStruct,RCS_SysStatus_V1,,,EXPORT/PLC data types/00 Sys/RCS_SysStatus_V1.xml
SW.Types.PlcStruct,RCS_typeAteqF620Visual,,,EXPORT/PLC data types/03 FunctionBlocks/211 ATEQ LeakTest/RCS_typeAteqF620Visual.xml
SW.Types.PlcStruct,RecipeAxis,,,EXPORT/PLC data types/03 FunctionBlocks/210 Recipe/RecipeAxis.xml
SW.Types.PlcStruct,Recipe_ShW,,,EXPORT/PLC data types/Shopworx/Fuction/ChangeOver&Recipe/Recipe_ShW.xml
SW.Types.PlcStruct,Rework_ShW,,,EXPORT/PLC data types/Shopworx/Fuction/Rework_ShW.xml
SW.Types.PlcStruct,ST_Conveyer_Line,,,EXPORT/PLC data types/03 FunctionBlocks/202 Conveyer_Line/ST_Conveyer_Line.xml
SW.Types.PlcStruct,ST_GeneralAnalog,,,EXPORT/PLC data types/03 FunctionBlocks/212 Analog/212.1.1 UDT/ST_GeneralAnalog.xml
SW.Types.PlcStruct,ST_KeyenceCheckerIV3,,,EXPORT/PLC data types/LXL/IV3/ST_KeyenceCheckerIV3.xml
SW.Types.PlcStruct,ST_KeyenceSR1000,,,EXPORT/PLC data types/03 FunctionBlocks/208 keyence SR1000/208.1 UDT/ST_KeyenceSR1000.xml
SW.Types.PlcStruct,ST_Stopper,,,EXPORT/PLC data types/03 FunctionBlocks/201 Stopper/ST_Stopper.xml
SW.Types.PlcStruct,SafetyGateUDT,,,EXPORT/PLC data types/03 FunctionBlocks/102 SafetyGate/SafetyGateUDT.xml
SW.Types.PlcStruct,ServoType_UDT,,,EXPORT/PLC data types/LXL/Sevro/ServoType_UDT.xml
SW.Types.PlcStruct,StaProcessData,,,EXPORT/PLC data types/500 User/StaProcessData.xml
SW.Types.PlcStruct,Station information_ShW,,,EXPORT/PLC data types/Shopworx/General/Station information_ShW.xml
SW.Types.PlcStruct,SubAssembly Check_ShW,,,EXPORT/PLC data types/Shopworx/Fuction/SubAssembly Check_ShW.xml
SW.Types.PlcStruct,SubAssemblyID_ShW,,,EXPORT/PLC data types/Shopworx/Fuction/SubAssemblyID_ShW.xml
SW.Types.PlcStruct,SubProcessParameterP010_ShW,,,EXPORT/PLC data types/Shopworx/Fuction/SubProcessParameter/SubProcessParameterP010_ShW.xml
SW.Types.PlcStruct,SubProcessParameterP020_ShW,,,EXPORT/PLC data types/Shopworx/Fuction/SubProcessParameter/SubProcessParameterP020_ShW.xml
SW.Types.PlcStruct,SubProcessParameterP030_ShW,,,EXPORT/PLC data types/Shopworx/Fuction/SubProcessParameter/SubProcessParameterP030_ShW.xml
SW.Types.PlcStruct,SubProcessParameterP040_ShW,,,EXPORT/PLC data types/Shopworx/Fuction/SubProcessParameter/SubProcessParameterP040_ShW.xml
SW.Types.PlcStruct,SubProcessParameterP050_ShW,,,EXPORT/PLC data types/Shopworx/Fuction/SubProcessParameter/SubProcessParameterP050_ShW.xml
SW.Types.PlcStruct,TableProcessData,,,EXPORT/PLC data types/LXL/TableProcessData.xml
SW.Types.PlcStruct,ToolCheck_ShW,,,EXPORT/PLC data types/Shopworx/Fuction/ToolCheck_ShW.xml
SW.Types.PlcStruct,UDT_LabelFeeder,,,EXPORT/PLC data types/500 User/UDT_LabelFeeder.xml
SW.Types.PlcStruct,UDT_MES_LoadData,,,EXPORT/PLC data types/MES/Data/UDT_MES_LoadData.xml
SW.Types.PlcStruct,UDT_MES_LoadDatae_ext,,,EXPORT/PLC data types/MES_EXT/Data_ext/UDT_MES_LoadDatae_ext.xml
SW.Types.PlcStruct,UDT_MES_UnLoadData,,,EXPORT/PLC data types/MES/Data/UDT_MES_UnLoadData.xml
SW.Types.PlcStruct,UDT_MES_UnLoadData_ext,,,EXPORT/PLC data types/MES_EXT/Data_ext/UDT_MES_UnLoadData_ext.xml
SW.Types.PlcStruct,UDT_MEStoPLC,,,EXPORT/PLC data types/MES/MES to PLC/UDT_MEStoPLC.xml
SW.Types.PlcStruct,UDT_MEStoPLC_ext,,,EXPORT/PLC data types/MES_EXT/MES to PLC_ext/UDT_MEStoPLC_ext.xml
SW.Types.PlcStruct,UDT_Marking CharToASCII,,,EXPORT/PLC data types/500 User/UDT_Marking CharToASCII.xml
SW.Types.PlcStruct,UDT_Marking StringToChar,,,EXPORT/PLC data types/500 User/UDT_Marking StringToChar.xml
SW.Types.PlcStruct,UDT_PLCtoMES,,,EXPORT/PLC data types/MES/PLC to MES/UDT_PLCtoMES.xml
SW.Types.PlcStruct,UDT_PLCtoMES_ext,,,EXPORT/PLC data types/MES_EXT/PLC to MES_ext/UDT_PLCtoMES_ext.xml
SW.Types.PlcStruct,UDT_StaProcessData,,,EXPORT/PLC data types/500 User/UDT_StaProcessData.xml
SW.Types.PlcStruct,UDT_StopperInterface,,,EXPORT/PLC data types/LXL/Stopper/UDT_StopperInterface.xml
SW.Types.PlcStruct,UDT_Stopper_FB,,,EXPORT/PLC data types/03 FunctionBlocks/201 Stopper/UDT_Stopper_FB.xml
SW.Types.PlcStruct,UDT_TrackingReport_HMI_OP1,,,EXPORT/PLC data types/MES/Tracking/OLD/UDT_TrackingReport_HMI_OP1.xml
SW.Types.PlcStruct,UDT_TrackingReport_HMI_OP1_ext,,,EXPORT/PLC data types/MES_EXT/Tracking_ext/OLD/UDT_TrackingReport_HMI_OP1_ext.xml
SW.Types.PlcStruct,UDT_TrackingReport_OP01,,,EXPORT/PLC data types/MES/Tracking/OLD/UDT_TrackingReport_OP01.xml
SW.Types.PlcStruct,UDT_TrackingReport_OP01_ext,,,EXPORT/PLC data types/MES_EXT/Tracking_ext/OLD/UDT_TrackingReport_OP01_ext.xml
SW.Types.PlcStruct,UnBound_ShW,,,EXPORT/PLC data types/Shopworx/Fuction/UnBound_ShW.xml
SW.Types.PlcStruct,WriteProcessData,,,EXPORT/PLC data types/LXL/Kistler/WriteProcessData.xml
SW.Types.PlcStruct,batchID_ShW,,,EXPORT/PLC data types/Shopworx/Fuction/batchID_ShW.xml
