DataTypeName,ExternalAccessible,ExternalVisible,ExternalWritable,LogicalAddress,Name,SourcePath,Table
Bool,true,true,true,%I6400.0,LoadNG3_3,EXPORT/PLC tags/NGSensor.xml,NGSensor
Bool,true,true,true,%I6400.1,LoadNG1_4,EXPORT/PLC tags/NGSensor.xml,NGSensor
Bool,true,true,true,%I6400.2,LoadNG2_4,EXPORT/PLC tags/NGSensor.xml,NGSensor
Bool,true,true,true,%I6400.3,LoadNG3_4,EXPORT/PLC tags/NGSensor.xml,NGSensor
Bool,true,true,true,%I6400.4,LoadNG1_5,EXPORT/PLC tags/NGSensor.xml,NGSensor
Bool,true,true,true,%I6400.5,LoadNG2_5,EXPORT/PLC tags/NGSensor.xml,NGSensor
Bool,true,true,true,%I6400.6,LoadNG3_5,EXPORT/PLC tags/NGSensor.xml,NGSensor
Bool,true,true,true,%I6400.7,LoadNG_Spare,EXPORT/PLC tags/NGSensor.xml,NGSensor
Bool,true,true,true,%I6401.0,LoadNG1_1,EXPORT/PLC tags/NGSensor.xml,NGSensor
Bool,true,true,true,%I6401.1,LoadNG2_1,EXPORT/PLC tags/NGSensor.xml,NGSensor
Bool,true,true,true,%I6401.2,LoadNG3_1,EXPORT/PLC tags/NGSensor.xml,NGSensor
Bool,true,true,true,%I6401.3,LoadNG1_2,EXPORT/PLC tags/NGSensor.xml,NGSensor
Bool,true,true,true,%I6401.4,LoadNG2_2,EXPORT/PLC tags/NGSensor.xml,NGSensor
Bool,true,true,true,%I6401.5,LoadNG3_2,EXPORT/PLC tags/NGSensor.xml,NGSensor
Bool,true,true,true,%I6401.6,LoadNG1_3,EXPORT/PLC tags/NGSensor.xml,NGSensor
Bool,true,true,true,%I6401.7,LoadNG2_3,EXPORT/PLC tags/NGSensor.xml,NGSensor
Bool,true,true,true,%I6500.0,UnLoadNG3_3,EXPORT/PLC tags/NGSensor.xml,NGSensor
Bool,true,true,true,%I6500.1,UnLoadNG1_4,EXPORT/PLC tags/NGSensor.xml,NGSensor
Bool,true,true,true,%I6500.2,UnLoadNG2_4,EXPORT/PLC tags/NGSensor.xml,NGSensor
Bool,true,true,true,%I6500.3,UnLoadNG3_4,EXPORT/PLC tags/NGSensor.xml,NGSensor
Bool,true,true,true,%I6500.4,UnLoadNG1_5,EXPORT/PLC tags/NGSensor.xml,NGSensor
Bool,true,true,true,%I6500.5,UnLoadNG2_5,EXPORT/PLC tags/NGSensor.xml,NGSensor
Bool,true,true,true,%I6500.6,UnLoadNG3_5,EXPORT/PLC tags/NGSensor.xml,NGSensor
Bool,true,true,true,%I6500.7,UnLoadNG_Spare,EXPORT/PLC tags/NGSensor.xml,NGSensor
Bool,true,true,true,%I6501.0,UnLoadNG1_1,EXPORT/PLC tags/NGSensor.xml,NGSensor
Bool,true,true,true,%I6501.1,UnLoadNG2_1,EXPORT/PLC tags/NGSensor.xml,NGSensor
Bool,true,true,true,%I6501.2,UnLoadNG3_1,EXPORT/PLC tags/NGSensor.xml,NGSensor
Bool,true,true,true,%I6501.3,UnLoadNG1_2,EXPORT/PLC tags/NGSensor.xml,NGSensor
Bool,true,true,true,%I6501.4,UnLoadNG2_2,EXPORT/PLC tags/NGSensor.xml,NGSensor
Bool,true,true,true,%I6501.5,UnLoadNG3_2,EXPORT/PLC tags/NGSensor.xml,NGSensor
Bool,true,true,true,%I6501.6,UnLoadNG1_3,EXPORT/PLC tags/NGSensor.xml,NGSensor
Bool,true,true,true,%I6501.7,UnLoadNG2_3,EXPORT/PLC tags/NGSensor.xml,NGSensor
Bool,true,true,true,%M0.4,ClockMemory0.8s,EXPORT/PLC tags/STEP7 classic symbols.xml,STEP7 classic symbols
Bool,true,true,true,%M0.3,ClockMemory0.5s,EXPORT/PLC tags/STEP7 classic symbols.xml,STEP7 classic symbols
Bool,true,true,true,%M0.2,ClockMemory0.4s,EXPORT/PLC tags/STEP7 classic symbols.xml,STEP7 classic symbols
Bool,true,true,true,%M0.1,ClockMemory0.2s,EXPORT/PLC tags/STEP7 classic symbols.xml,STEP7 classic symbols
Bool,true,true,true,%M0.0,ClockMemory0.1s,EXPORT/PLC tags/STEP7 classic symbols.xml,STEP7 classic symbols
Bool,true,true,true,%M0.7,ClockMemory2s,EXPORT/PLC tags/STEP7 classic symbols.xml,STEP7 classic symbols
Bool,true,true,true,%M0.6,ClockMemory1.6s,EXPORT/PLC tags/STEP7 classic symbols.xml,STEP7 classic symbols
Bool,true,true,true,%M0.5,ClockMemory1s,EXPORT/PLC tags/STEP7 classic symbols.xml,STEP7 classic symbols
Byte,true,true,true,%MB0,Clock_Byte,EXPORT/PLC tags/默认变量表.xml,默认变量表
Byte,true,true,true,%MB1,System_Byte,EXPORT/PLC tags/默认变量表.xml,默认变量表
Bool,true,true,true,%M1.0,FirstScan,EXPORT/PLC tags/默认变量表.xml,默认变量表
Bool,true,true,true,%M1.1,DiagStatusUpdate,EXPORT/PLC tags/默认变量表.xml,默认变量表
Bool,true,true,true,%M1.2,AlwaysTRUE,EXPORT/PLC tags/默认变量表.xml,默认变量表
Bool,true,true,true,%M1.3,AlwaysFALSE,EXPORT/PLC tags/默认变量表.xml,默认变量表
Bool,true,true,true,%M12.1,调试专用-DEBUG,EXPORT/PLC tags/默认变量表.xml,默认变量表
Bool,true,true,true,%M10.0,Tag_1,EXPORT/PLC tags/默认变量表.xml,默认变量表
Bool,true,true,true,%M888.0,Tag_2,EXPORT/PLC tags/默认变量表.xml,默认变量表
Bool,true,true,true,%M100.1,Tag_3,EXPORT/PLC tags/默认变量表.xml,默认变量表
Bool,true,true,true,%M100.0,Tag_4,EXPORT/PLC tags/默认变量表.xml,默认变量表
Bool,true,true,true,%M200.0,Tag_77,EXPORT/PLC tags/默认变量表.xml,默认变量表
Bool,true,true,true,%M200.1,Tag_78,EXPORT/PLC tags/默认变量表.xml,默认变量表
Bool,true,true,true,%M200.2,Tag_79,EXPORT/PLC tags/默认变量表.xml,默认变量表
Int,true,true,true,%MW100,Tag_80,EXPORT/PLC tags/默认变量表.xml,默认变量表
Bool,true,true,true,%M30.0,Tag_81,EXPORT/PLC tags/默认变量表.xml,默认变量表
Int,true,true,true,%MW102,Tag_82,EXPORT/PLC tags/默认变量表.xml,默认变量表
Bool,true,true,true,%M200.3,Tag_83,EXPORT/PLC tags/默认变量表.xml,默认变量表
Bool,true,true,true,%M200.4,Tag_84,EXPORT/PLC tags/默认变量表.xml,默认变量表
Bool,true,true,true,%M200.5,Tag_93,EXPORT/PLC tags/默认变量表.xml,默认变量表
Bool,true,true,true,%M200.6,Tag_94,EXPORT/PLC tags/默认变量表.xml,默认变量表
Bool,true,true,true,%Q201.0,Tag_95,EXPORT/PLC tags/默认变量表.xml,默认变量表
Bool,true,true,true,%M201.0,Tag_96,EXPORT/PLC tags/默认变量表.xml,默认变量表
Bool,true,true,true,%M201.1,Tag_97,EXPORT/PLC tags/默认变量表.xml,默认变量表
Bool,true,true,true,%M100.2,Tag_98,EXPORT/PLC tags/默认变量表.xml,默认变量表
Bool,true,true,true,%M100.3,Tag_99,EXPORT/PLC tags/默认变量表.xml,默认变量表
Bool,true,true,true,%M100.4,Tag_100,EXPORT/PLC tags/默认变量表.xml,默认变量表
Bool,true,true,true,%M100.5,Tag_109,EXPORT/PLC tags/默认变量表.xml,默认变量表
Bool,true,true,true,%M100.6,Tag_110,EXPORT/PLC tags/默认变量表.xml,默认变量表
Bool,true,true,true,%M100.7,Tag_111,EXPORT/PLC tags/默认变量表.xml,默认变量表
Bool,true,true,true,%M101.0,Tag_112,EXPORT/PLC tags/默认变量表.xml,默认变量表
Bool,true,true,true,%M101.1,Tag_113,EXPORT/PLC tags/默认变量表.xml,默认变量表
Bool,true,true,true,%M101.2,Tag_114,EXPORT/PLC tags/默认变量表.xml,默认变量表
Bool,true,true,true,%M101.3,Tag_115,EXPORT/PLC tags/默认变量表.xml,默认变量表
Bool,true,true,true,%M101.4,Tag_116,EXPORT/PLC tags/默认变量表.xml,默认变量表
Bool,true,true,true,%M101.5,Tag_117,EXPORT/PLC tags/默认变量表.xml,默认变量表
Bool,true,true,true,%M101.6,Tag_118,EXPORT/PLC tags/默认变量表.xml,默认变量表
Bool,true,true,true,%M23.0,Tag_61,EXPORT/PLC tags/默认变量表.xml,默认变量表
Bool,true,true,true,%M23.1,Tag_62,EXPORT/PLC tags/默认变量表.xml,默认变量表
Bool,true,true,true,%M50.0,Tag_5,EXPORT/PLC tags/默认变量表.xml,默认变量表
Bool,true,true,true,%M50.1,Tag_6,EXPORT/PLC tags/默认变量表.xml,默认变量表
Bool,true,true,true,%M50.2,Tag_7,EXPORT/PLC tags/默认变量表.xml,默认变量表
Bool,true,true,true,%M60.0,Tag_8,EXPORT/PLC tags/默认变量表.xml,默认变量表
Bool,true,true,true,%M60.1,Tag_9,EXPORT/PLC tags/默认变量表.xml,默认变量表
Bool,true,true,true,%M300.0,Tag_10,EXPORT/PLC tags/默认变量表.xml,默认变量表
Bool,true,true,true,%M300.1,Tag_11,EXPORT/PLC tags/默认变量表.xml,默认变量表
Bool,true,true,true,%M300.2,Tag_12,EXPORT/PLC tags/默认变量表.xml,默认变量表
Bool,true,true,true,%M32.0,Tag_13,EXPORT/PLC tags/默认变量表.xml,默认变量表
Bool,true,true,true,%M36.0,Tag_14,EXPORT/PLC tags/默认变量表.xml,默认变量表
Bool,true,true,true,%M30.6,Tag_15,EXPORT/PLC tags/默认变量表.xml,默认变量表
Bool,true,true,true,%M55.0,Tag_16,EXPORT/PLC tags/默认变量表.xml,默认变量表
Bool,true,true,true,%M55.1,Tag_17,EXPORT/PLC tags/默认变量表.xml,默认变量表
Bool,true,true,true,%M62.3,Tag_18,EXPORT/PLC tags/默认变量表.xml,默认变量表
Bool,true,true,true,%M64.0,Tag_19,EXPORT/PLC tags/默认变量表.xml,默认变量表
Bool,true,true,true,%M666.6,Tag_20,EXPORT/PLC tags/默认变量表.xml,默认变量表
Bool,true,true,true,%M665.2,Tag_21,EXPORT/PLC tags/默认变量表.xml,默认变量表
Bool,true,true,true,%M56.3,Tag_22,EXPORT/PLC tags/默认变量表.xml,默认变量表
Bool,true,true,true,%M66.3,Tag_23,EXPORT/PLC tags/默认变量表.xml,默认变量表
Bool,true,true,true,%M323.0,Tag_24,EXPORT/PLC tags/默认变量表.xml,默认变量表
Bool,true,true,true,%M653.3,Tag_25,EXPORT/PLC tags/默认变量表.xml,默认变量表
Bool,true,true,true,%M456.0,Tag_26,EXPORT/PLC tags/默认变量表.xml,默认变量表
Bool,true,true,true,%M45.3,Tag_27,EXPORT/PLC tags/默认变量表.xml,默认变量表
Bool,true,true,true,%M45.4,Tag_28,EXPORT/PLC tags/默认变量表.xml,默认变量表
Bool,true,true,true,%M65.3,Tag_29,EXPORT/PLC tags/默认变量表.xml,默认变量表
Bool,true,true,true,%M55.5,Tag_30,EXPORT/PLC tags/默认变量表.xml,默认变量表
Bool,true,true,true,%M44.4,Tag_31,EXPORT/PLC tags/默认变量表.xml,默认变量表
Bool,true,true,true,%M55.6,Tag_32,EXPORT/PLC tags/默认变量表.xml,默认变量表
Bool,true,true,true,%M98.2,Tag_33,EXPORT/PLC tags/默认变量表.xml,默认变量表
Bool,true,true,true,%M98.6,Tag_34,EXPORT/PLC tags/默认变量表.xml,默认变量表
Bool,true,true,true,%M98.7,Tag_35,EXPORT/PLC tags/默认变量表.xml,默认变量表
Bool,true,true,true,%M96.3,Tag_36,EXPORT/PLC tags/默认变量表.xml,默认变量表
Bool,true,true,true,%I100.0,iHMI Control On,EXPORT/PLC tags/IO/PLCIO_DI.xml,PLCIO_DI
Bool,true,true,true,%I100.1,iHMI Machine Start,EXPORT/PLC tags/IO/PLCIO_DI.xml,PLCIO_DI
Bool,true,true,true,%I100.2,iHMI Machine Stop,EXPORT/PLC tags/IO/PLCIO_DI.xml,PLCIO_DI
Bool,true,true,true,%I100.3,iHMI ResetButton,EXPORT/PLC tags/IO/PLCIO_DI.xml,PLCIO_DI
Bool,true,true,true,%I100.4,iHMI Manual/Auto,EXPORT/PLC tags/IO/PLCIO_DI.xml,PLCIO_DI
Bool,true,true,true,%I100.5,iHMI Safety Gate Unlock,EXPORT/PLC tags/IO/PLCIO_DI.xml,PLCIO_DI
Bool,true,true,true,%I100.6,iHMI E-Stop,EXPORT/PLC tags/IO/PLCIO_DI.xml,PLCIO_DI
Bool,true,true,true,%I100.7,iRESERVE_I100.7,EXPORT/PLC tags/IO/PLCIO_DI.xml,PLCIO_DI
Bool,true,true,true,%I101.0,iPressure,EXPORT/PLC tags/IO/PLCIO_DI.xml,PLCIO_DI
Bool,true,true,true,%I101.1,iCircuit Breaker OK_1,EXPORT/PLC tags/IO/PLCIO_DI.xml,PLCIO_DI
Bool,true,true,true,%I101.2,iCircuit Breaker OK_2,EXPORT/PLC tags/IO/PLCIO_DI.xml,PLCIO_DI
Bool,true,true,true,%I101.3,iRESERVE_I101.3,EXPORT/PLC tags/IO/PLCIO_DI.xml,PLCIO_DI
Bool,true,true,true,%I101.4,iE_StopButton2_A01,EXPORT/PLC tags/IO/PLCIO_DI.xml,PLCIO_DI
Bool,true,true,true,%I101.5,iNG_Button1,EXPORT/PLC tags/IO/PLCIO_DI.xml,PLCIO_DI
Bool,true,true,true,%I101.6,iE_StopButton3_A02,EXPORT/PLC tags/IO/PLCIO_DI.xml,PLCIO_DI
Bool,true,true,true,%I101.7,iNG_Button2,EXPORT/PLC tags/IO/PLCIO_DI.xml,PLCIO_DI
Bool,true,true,true,%I102.0,iSafety door Locking FeedBack_1,EXPORT/PLC tags/IO/PLCIO_DI.xml,PLCIO_DI
Bool,true,true,true,%I102.1,iSafety door Locking FeedBack_2,EXPORT/PLC tags/IO/PLCIO_DI.xml,PLCIO_DI
Bool,true,true,true,%I102.2,iSafety door Locking FeedBack_3,EXPORT/PLC tags/IO/PLCIO_DI.xml,PLCIO_DI
Bool,true,true,true,%I102.3,iSafety door Locking FeedBack_4,EXPORT/PLC tags/IO/PLCIO_DI.xml,PLCIO_DI
Bool,true,true,true,%I102.4,iSafety door Locking FeedBack_5,EXPORT/PLC tags/IO/PLCIO_DI.xml,PLCIO_DI
Bool,true,true,true,%I102.5,iSafety door Locking FeedBack_6,EXPORT/PLC tags/IO/PLCIO_DI.xml,PLCIO_DI
Bool,true,true,true,%I102.6,iSafety door Locking FeedBack_7,EXPORT/PLC tags/IO/PLCIO_DI.xml,PLCIO_DI
Bool,true,true,true,%I102.7,iSafety door Locking FeedBack_8,EXPORT/PLC tags/IO/PLCIO_DI.xml,PLCIO_DI
Bool,true,true,true,%I103.0,iSafety Door Locking FeedBack,EXPORT/PLC tags/IO/PLCIO_DI.xml,PLCIO_DI
Bool,true,true,true,%I103.1,iMateriel Door Locking FeedBack_H1,EXPORT/PLC tags/IO/PLCIO_DI.xml,PLCIO_DI
Bool,true,true,true,%I103.2,iMateriel Door Locking FeedBack_H2,EXPORT/PLC tags/IO/PLCIO_DI.xml,PLCIO_DI
Bool,true,true,true,%I103.3,iMateriel Door Locking FeedBack_J1,EXPORT/PLC tags/IO/PLCIO_DI.xml,PLCIO_DI
Bool,true,true,true,%I103.4,iMateriel Door Locking FeedBack_J2,EXPORT/PLC tags/IO/PLCIO_DI.xml,PLCIO_DI
Bool,true,true,true,%I103.5,iMateriel Door Locking FeedBack_K1,EXPORT/PLC tags/IO/PLCIO_DI.xml,PLCIO_DI
Bool,true,true,true,%I103.6,iMateriel Door Locking FeedBack_K2,EXPORT/PLC tags/IO/PLCIO_DI.xml,PLCIO_DI
Bool,true,true,true,%I103.7,iMateriel Door Locking FeedBack_L1,EXPORT/PLC tags/IO/PLCIO_DI.xml,PLCIO_DI
Bool,true,true,true,%I104.1,iShaft_Button,EXPORT/PLC tags/IO/PLCIO_DI.xml,PLCIO_DI
Bool,true,true,true,%I104.0,iE_StopButton4_H,EXPORT/PLC tags/IO/PLCIO_DI.xml,PLCIO_DI
Bool,true,true,true,%I104.2,iShaft_EmptyButton,EXPORT/PLC tags/IO/PLCIO_DI.xml,PLCIO_DI
Bool,true,true,true,%I104.3,iE_StopButton5_J,EXPORT/PLC tags/IO/PLCIO_DI.xml,PLCIO_DI
Bool,true,true,true,%I104.4,iMagnet_Button,EXPORT/PLC tags/IO/PLCIO_DI.xml,PLCIO_DI
Bool,true,true,true,%I104.5,iMagnet_EmptyButton,EXPORT/PLC tags/IO/PLCIO_DI.xml,PLCIO_DI
Bool,true,true,true,%I104.6,iMagnet_UnlockButton,EXPORT/PLC tags/IO/PLCIO_DI.xml,PLCIO_DI
Bool,true,true,true,%I104.7,iRESERVE_I104.7,EXPORT/PLC tags/IO/PLCIO_DI.xml,PLCIO_DI
Bool,true,true,true,%I105.0,iE_StopButton6_K,EXPORT/PLC tags/IO/PLCIO_DI.xml,PLCIO_DI
Bool,true,true,true,%I105.1,iReserved_Button,EXPORT/PLC tags/IO/PLCIO_DI.xml,PLCIO_DI
Bool,true,true,true,%I105.2,iReserved_EmptyButton,EXPORT/PLC tags/IO/PLCIO_DI.xml,PLCIO_DI
Bool,true,true,true,%I105.3,iReserved_UnlockButton,EXPORT/PLC tags/IO/PLCIO_DI.xml,PLCIO_DI
Bool,true,true,true,%I105.4,iE_StopButton7_L,EXPORT/PLC tags/IO/PLCIO_DI.xml,PLCIO_DI
Bool,true,true,true,%I105.5,iUnloading_Button,EXPORT/PLC tags/IO/PLCIO_DI.xml,PLCIO_DI
Bool,true,true,true,%I105.6,iUnloading_EmptyButton,EXPORT/PLC tags/IO/PLCIO_DI.xml,PLCIO_DI
Bool,true,true,true,%I105.7,iUnloading_UnlockButton,EXPORT/PLC tags/IO/PLCIO_DI.xml,PLCIO_DI
Bool,true,true,true,%I106.0,iE-NG-01 Safety Gate_Open,EXPORT/PLC tags/IO/PLCIO_DI.xml,PLCIO_DI
Bool,true,true,true,%I106.1,iE-NG-01 Safety Gate_UnLock,EXPORT/PLC tags/IO/PLCIO_DI.xml,PLCIO_DI
Bool,true,true,true,%I106.2,iE-NG-02 Safety Gate_Open,EXPORT/PLC tags/IO/PLCIO_DI.xml,PLCIO_DI
Bool,true,true,true,%I106.3,iE-NG-02 Safety Gate_UnLock,EXPORT/PLC tags/IO/PLCIO_DI.xml,PLCIO_DI
Bool,true,true,true,%I106.4,iALightCurtain_1,EXPORT/PLC tags/IO/PLCIO_DI.xml,PLCIO_DI
Bool,true,true,true,%I106.5,iALightCurtain_2,EXPORT/PLC tags/IO/PLCIO_DI.xml,PLCIO_DI
Bool,true,true,true,%I106.6,iRESERVE_I106.6,EXPORT/PLC tags/IO/PLCIO_DI.xml,PLCIO_DI
Bool,true,true,true,%I106.7,iRESERVE_I106.7,EXPORT/PLC tags/IO/PLCIO_DI.xml,PLCIO_DI
Bool,true,true,true,%I107.0,iH-shaft Loading _a,EXPORT/PLC tags/IO/PLCIO_DI.xml,PLCIO_DI
Bool,true,true,true,%I107.1,iH-shaft Loading _b,EXPORT/PLC tags/IO/PLCIO_DI.xml,PLCIO_DI
Bool,true,true,true,%I107.2,iH-shaft Take _a,EXPORT/PLC tags/IO/PLCIO_DI.xml,PLCIO_DI
Bool,true,true,true,%I107.3,iH-shaft Take _b,EXPORT/PLC tags/IO/PLCIO_DI.xml,PLCIO_DI
Bool,true,true,true,%I107.4,iH-shaft  Lifting _a,EXPORT/PLC tags/IO/PLCIO_DI.xml,PLCIO_DI
Bool,true,true,true,%I107.5,iH-shaft  Lifting _b,EXPORT/PLC tags/IO/PLCIO_DI.xml,PLCIO_DI
Bool,true,true,true,%I107.6,iRESERVE_I107.6,EXPORT/PLC tags/IO/PLCIO_DI.xml,PLCIO_DI
Bool,true,true,true,%I107.7,iRESERVE_I107.7,EXPORT/PLC tags/IO/PLCIO_DI.xml,PLCIO_DI
Bool,true,true,true,%I108.0,iJ-magnet Loading _a,EXPORT/PLC tags/IO/PLCIO_DI.xml,PLCIO_DI
Bool,true,true,true,%I108.1,iJ-magnet Loading _b,EXPORT/PLC tags/IO/PLCIO_DI.xml,PLCIO_DI
Bool,true,true,true,%I108.2,iJ-magnet Take _a,EXPORT/PLC tags/IO/PLCIO_DI.xml,PLCIO_DI
Bool,true,true,true,%I108.3,iJ-magnet Take _b,EXPORT/PLC tags/IO/PLCIO_DI.xml,PLCIO_DI
Bool,true,true,true,%I108.4,iJ-magnet Lifting _a,EXPORT/PLC tags/IO/PLCIO_DI.xml,PLCIO_DI
Bool,true,true,true,%I108.5,iJ-magnet Lifting _b,EXPORT/PLC tags/IO/PLCIO_DI.xml,PLCIO_DI
Bool,true,true,true,%I108.6,iRESERVE_I108.6,EXPORT/PLC tags/IO/PLCIO_DI.xml,PLCIO_DI
Bool,true,true,true,%I108.7,iRESERVE_I108.7,EXPORT/PLC tags/IO/PLCIO_DI.xml,PLCIO_DI
Bool,true,true,true,%I109.0,iK-reserve Loading _a,EXPORT/PLC tags/IO/PLCIO_DI.xml,PLCIO_DI
Bool,true,true,true,%I109.1,iK-reserve Loading _b,EXPORT/PLC tags/IO/PLCIO_DI.xml,PLCIO_DI
Bool,true,true,true,%I109.2,iK-reserve Take _a,EXPORT/PLC tags/IO/PLCIO_DI.xml,PLCIO_DI
Bool,true,true,true,%I109.3,iK-reserve Take _b,EXPORT/PLC tags/IO/PLCIO_DI.xml,PLCIO_DI
Bool,true,true,true,%I109.4,iK-reserve Lifting3 _a,EXPORT/PLC tags/IO/PLCIO_DI.xml,PLCIO_DI
Bool,true,true,true,%I109.5,iK-reserve Lifting3 _b,EXPORT/PLC tags/IO/PLCIO_DI.xml,PLCIO_DI
Bool,true,true,true,%I109.6,iRESERVE_I109.6,EXPORT/PLC tags/IO/PLCIO_DI.xml,PLCIO_DI
Bool,true,true,true,%I109.7,iRESERVE_I109.7,EXPORT/PLC tags/IO/PLCIO_DI.xml,PLCIO_DI
Bool,true,true,true,%I110.0,iC- GluingDeviceReady,EXPORT/PLC tags/IO/PLCIO_DI.xml,PLCIO_DI
Bool,true,true,true,%I110.1,iC- GluingFault,EXPORT/PLC tags/IO/PLCIO_DI.xml,PLCIO_DI
Bool,true,true,true,%I110.2,iC- GluingRefillTank,EXPORT/PLC tags/IO/PLCIO_DI.xml,PLCIO_DI
Bool,true,true,true,%I110.3,iC- GluingTankEmpty,EXPORT/PLC tags/IO/PLCIO_DI.xml,PLCIO_DI
Bool,true,true,true,%I110.4,iL-Unloading Drive motor_a,EXPORT/PLC tags/IO/PLCIO_DI.xml,PLCIO_DI
Bool,true,true,true,%I110.5,iL-Unloading Drive motor_b,EXPORT/PLC tags/IO/PLCIO_DI.xml,PLCIO_DI
Bool,true,true,true,%I110.6,iL-Unloading transplanting motor_a,EXPORT/PLC tags/IO/PLCIO_DI.xml,PLCIO_DI
Bool,true,true,true,%I110.7,iL-Unloading transplanting motor_b,EXPORT/PLC tags/IO/PLCIO_DI.xml,PLCIO_DI
Bool,true,true,true,%I111.0,iH_StopButton,EXPORT/PLC tags/IO/PLCIO_DI.xml,PLCIO_DI
Bool,true,true,true,%I111.1,iJ_StopButton,EXPORT/PLC tags/IO/PLCIO_DI.xml,PLCIO_DI
Bool,true,true,true,%I111.2,iK_StopButton,EXPORT/PLC tags/IO/PLCIO_DI.xml,PLCIO_DI
Bool,true,true,true,%I111.3,iRESERVE_I111.3,EXPORT/PLC tags/IO/PLCIO_DI.xml,PLCIO_DI
Bool,true,true,true,%I111.4,iRESERVE_I111.4,EXPORT/PLC tags/IO/PLCIO_DI.xml,PLCIO_DI
Bool,true,true,true,%I111.5,iRESERVE_I111.5,EXPORT/PLC tags/IO/PLCIO_DI.xml,PLCIO_DI
Bool,true,true,true,%I111.6,iRESERVE_I111.6,EXPORT/PLC tags/IO/PLCIO_DI.xml,PLCIO_DI
Bool,true,true,true,%I111.7,iRESERVE_I111.7,EXPORT/PLC tags/IO/PLCIO_DI.xml,PLCIO_DI
Bool,true,true,true,%Q100.0,oHMIControlOn,EXPORT/PLC tags/IO/PLCIO_DQ.xml,PLCIO_DQ
Bool,true,true,true,%Q100.1,oHMIMachineStart,EXPORT/PLC tags/IO/PLCIO_DQ.xml,PLCIO_DQ
Bool,true,true,true,%Q100.2,oHMIMachineStop,EXPORT/PLC tags/IO/PLCIO_DQ.xml,PLCIO_DQ
Bool,true,true,true,%Q100.3,oHMIResetButton,EXPORT/PLC tags/IO/PLCIO_DQ.xml,PLCIO_DQ
Bool,true,true,true,%Q100.4,oHMISafetyGateUnlock,EXPORT/PLC tags/IO/PLCIO_DQ.xml,PLCIO_DQ
Bool,true,true,true,%Q100.5,RESERVE_Q100.5,EXPORT/PLC tags/IO/PLCIO_DQ.xml,PLCIO_DQ
Bool,true,true,true,%Q100.6,RESERVE_Q100.6,EXPORT/PLC tags/IO/PLCIO_DQ.xml,PLCIO_DQ
Bool,true,true,true,%Q100.7,RESERVE_Q100.7,EXPORT/PLC tags/IO/PLCIO_DQ.xml,PLCIO_DQ
Bool,true,true,true,%Q101.0,oTowerLight-Green,EXPORT/PLC tags/IO/PLCIO_DQ.xml,PLCIO_DQ
Bool,true,true,true,%Q101.1,oTowerLight-Red,EXPORT/PLC tags/IO/PLCIO_DQ.xml,PLCIO_DQ
Bool,true,true,true,%Q101.2,oTowerLight-yellow,EXPORT/PLC tags/IO/PLCIO_DQ.xml,PLCIO_DQ
Bool,true,true,true,%Q101.3,oTowerLight-Blue,EXPORT/PLC tags/IO/PLCIO_DQ.xml,PLCIO_DQ
Bool,true,true,true,%Q101.4,oTowerLight-Buzzer,EXPORT/PLC tags/IO/PLCIO_DQ.xml,PLCIO_DQ
Bool,true,true,true,%Q101.5,oLED_lamp_1,EXPORT/PLC tags/IO/PLCIO_DQ.xml,PLCIO_DQ
Bool,true,true,true,%Q101.6,oLED_lamp_2,EXPORT/PLC tags/IO/PLCIO_DQ.xml,PLCIO_DQ
Bool,true,true,true,%Q101.7,oSafetyPLC,EXPORT/PLC tags/IO/PLCIO_DQ.xml,PLCIO_DQ
Bool,true,true,true,%Q102.0,oSafetyDoorLocked_1,EXPORT/PLC tags/IO/PLCIO_DQ.xml,PLCIO_DQ
Bool,true,true,true,%Q102.1,oSafetyDoorLocked_2,EXPORT/PLC tags/IO/PLCIO_DQ.xml,PLCIO_DQ
Bool,true,true,true,%Q102.2,oSafetyDoorLocked_3,EXPORT/PLC tags/IO/PLCIO_DQ.xml,PLCIO_DQ
Bool,true,true,true,%Q102.3,oSafetyDoorLocked_4,EXPORT/PLC tags/IO/PLCIO_DQ.xml,PLCIO_DQ
Bool,true,true,true,%Q102.4,oSafetyDoorLocked_5,EXPORT/PLC tags/IO/PLCIO_DQ.xml,PLCIO_DQ
Bool,true,true,true,%Q102.5,oSafetyDoorLocked_6,EXPORT/PLC tags/IO/PLCIO_DQ.xml,PLCIO_DQ
Bool,true,true,true,%Q102.6,oSafetyDoorLocked_7,EXPORT/PLC tags/IO/PLCIO_DQ.xml,PLCIO_DQ
Bool,true,true,true,%Q102.7,oSafetyDoorLocked_8,EXPORT/PLC tags/IO/PLCIO_DQ.xml,PLCIO_DQ
Bool,true,true,true,%Q103.0,oSafetyDoorLocked,EXPORT/PLC tags/IO/PLCIO_DQ.xml,PLCIO_DQ
Bool,true,true,true,%Q103.1,oE-NG-01SafetyGate,EXPORT/PLC tags/IO/PLCIO_DQ.xml,PLCIO_DQ
Bool,true,true,true,%Q103.4,oMaterielDoorLocked_H2,EXPORT/PLC tags/IO/PLCIO_DQ.xml,PLCIO_DQ
Bool,true,true,true,%Q103.5,oMaterielDoorLocked_J1,EXPORT/PLC tags/IO/PLCIO_DQ.xml,PLCIO_DQ
Bool,true,true,true,%Q103.2,oE-NG-02SafetyGate,EXPORT/PLC tags/IO/PLCIO_DQ.xml,PLCIO_DQ
Bool,true,true,true,%Q103.3,oMaterielDoorLocked_H1,EXPORT/PLC tags/IO/PLCIO_DQ.xml,PLCIO_DQ
Bool,true,true,true,%Q103.6,oMaterielDoorLocked_J2,EXPORT/PLC tags/IO/PLCIO_DQ.xml,PLCIO_DQ
Bool,true,true,true,%Q103.7,oMaterielDoorLocked_K1,EXPORT/PLC tags/IO/PLCIO_DQ.xml,PLCIO_DQ
Bool,true,true,true,%Q104.0,oNG_Button1,EXPORT/PLC tags/IO/PLCIO_DQ.xml,PLCIO_DQ
Bool,true,true,true,%Q104.1,oNG_Button2,EXPORT/PLC tags/IO/PLCIO_DQ.xml,PLCIO_DQ
Bool,true,true,true,%Q104.2,oShaft_Button,EXPORT/PLC tags/IO/PLCIO_DQ.xml,PLCIO_DQ
Bool,true,true,true,%Q104.3,oShaft_EmptyButton,EXPORT/PLC tags/IO/PLCIO_DQ.xml,PLCIO_DQ
Bool,true,true,true,%Q104.4,oMagnet_Button,EXPORT/PLC tags/IO/PLCIO_DQ.xml,PLCIO_DQ
Bool,true,true,true,%Q104.5,oMagnet_EmptyButton,EXPORT/PLC tags/IO/PLCIO_DQ.xml,PLCIO_DQ
Bool,true,true,true,%Q104.6,oMagnet_UnlockButton,EXPORT/PLC tags/IO/PLCIO_DQ.xml,PLCIO_DQ
Bool,true,true,true,%Q104.7,RESERVE_Q104.7,EXPORT/PLC tags/IO/PLCIO_DQ.xml,PLCIO_DQ
Bool,true,true,true,%Q105.4,oUnloading_EmptyButton,EXPORT/PLC tags/IO/PLCIO_DQ.xml,PLCIO_DQ
Bool,true,true,true,%Q105.5,oUnloading_UnlockButton,EXPORT/PLC tags/IO/PLCIO_DQ.xml,PLCIO_DQ
Bool,true,true,true,%Q105.6,oMaterielDoorLocked_K2,EXPORT/PLC tags/IO/PLCIO_DQ.xml,PLCIO_DQ
Bool,true,true,true,%Q105.7,oMaterielDoorLocked_L1,EXPORT/PLC tags/IO/PLCIO_DQ.xml,PLCIO_DQ
Bool,true,true,true,%Q105.0,oReserved_Button,EXPORT/PLC tags/IO/PLCIO_DQ.xml,PLCIO_DQ
Bool,true,true,true,%Q105.1,oReserved_EmptyButton,EXPORT/PLC tags/IO/PLCIO_DQ.xml,PLCIO_DQ
Bool,true,true,true,%Q105.2,oReserved_UnlockButton,EXPORT/PLC tags/IO/PLCIO_DQ.xml,PLCIO_DQ
Bool,true,true,true,%Q105.3,oUnloading_Button,EXPORT/PLC tags/IO/PLCIO_DQ.xml,PLCIO_DQ
Bool,true,true,true,%Q106.0,oC-GluingPro_X,EXPORT/PLC tags/IO/PLCIO_DQ.xml,PLCIO_DQ
Bool,true,true,true,%Q106.1,oC-GluingPro_Y,EXPORT/PLC tags/IO/PLCIO_DQ.xml,PLCIO_DQ
Bool,true,true,true,%Q106.2,oC-GluingReset,EXPORT/PLC tags/IO/PLCIO_DQ.xml,PLCIO_DQ
Bool,true,true,true,%Q106.3,oC-GluingPro_Z,EXPORT/PLC tags/IO/PLCIO_DQ.xml,PLCIO_DQ
Bool,true,true,true,%Q106.4,oH-shaftLifting_SpeedChange,EXPORT/PLC tags/IO/PLCIO_DQ.xml,PLCIO_DQ
Bool,true,true,true,%Q106.5,oH-shaftLifting_Start,EXPORT/PLC tags/IO/PLCIO_DQ.xml,PLCIO_DQ
Bool,true,true,true,%Q106.6,oJ-magnetLifting_SpeedChange,EXPORT/PLC tags/IO/PLCIO_DQ.xml,PLCIO_DQ
Bool,true,true,true,%Q106.7,oJ-magnetLifting_Start,EXPORT/PLC tags/IO/PLCIO_DQ.xml,PLCIO_DQ
Bool,true,true,true,%Q107.0,oK-Lifting3_SpeedChange,EXPORT/PLC tags/IO/PLCIO_DQ.xml,PLCIO_DQ
Bool,true,true,true,%Q107.1,oK-Lifting3_Start,EXPORT/PLC tags/IO/PLCIO_DQ.xml,PLCIO_DQ
Bool,true,true,true,%Q107.2,oL-Unloading_CCW,EXPORT/PLC tags/IO/PLCIO_DQ.xml,PLCIO_DQ
Bool,true,true,true,%Q107.3,oL-Unloading_CW,EXPORT/PLC tags/IO/PLCIO_DQ.xml,PLCIO_DQ
Bool,true,true,true,%Q107.4,oH-shaftLifting_CCWStart,EXPORT/PLC tags/IO/PLCIO_DQ.xml,PLCIO_DQ
Bool,true,true,true,%Q107.5,oJ-magnetLifting_CCWStart,EXPORT/PLC tags/IO/PLCIO_DQ.xml,PLCIO_DQ
Bool,true,true,true,%Q107.6,oK-Lifting3_CCWStart,EXPORT/PLC tags/IO/PLCIO_DQ.xml,PLCIO_DQ
Bool,true,true,true,%Q107.7,RESERVE_Q107.7,EXPORT/PLC tags/IO/PLCIO_DQ.xml,PLCIO_DQ
Bool,true,true,true,%Q108.0,oH-shaftLoading_CCW,EXPORT/PLC tags/IO/PLCIO_DQ.xml,PLCIO_DQ
Bool,true,true,true,%Q108.1,oH-shaftLoading_CW,EXPORT/PLC tags/IO/PLCIO_DQ.xml,PLCIO_DQ
Bool,true,true,true,%Q108.2,oH-shaftTake_CW,EXPORT/PLC tags/IO/PLCIO_DQ.xml,PLCIO_DQ
Bool,true,true,true,%Q108.3,oH-shaftTake_CCW,EXPORT/PLC tags/IO/PLCIO_DQ.xml,PLCIO_DQ
Bool,true,true,true,%Q108.4,RESERVE_Q108.4,EXPORT/PLC tags/IO/PLCIO_DQ.xml,PLCIO_DQ
Bool,true,true,true,%Q108.5,RESERVE_Q108.5,EXPORT/PLC tags/IO/PLCIO_DQ.xml,PLCIO_DQ
Bool,true,true,true,%Q108.6,RESERVE_Q108.6,EXPORT/PLC tags/IO/PLCIO_DQ.xml,PLCIO_DQ
Bool,true,true,true,%Q108.7,RESERVE_Q108.7,EXPORT/PLC tags/IO/PLCIO_DQ.xml,PLCIO_DQ
Bool,true,true,true,%Q109.0,RESERVE_Q109.0,EXPORT/PLC tags/IO/PLCIO_DQ.xml,PLCIO_DQ
Bool,true,true,true,%Q109.1,RESERVE_Q109.1,EXPORT/PLC tags/IO/PLCIO_DQ.xml,PLCIO_DQ
Bool,true,true,true,%Q109.2,RESERVE_Q109.2,EXPORT/PLC tags/IO/PLCIO_DQ.xml,PLCIO_DQ
Bool,true,true,true,%Q109.3,RESERVE_Q109.3,EXPORT/PLC tags/IO/PLCIO_DQ.xml,PLCIO_DQ
Bool,true,true,true,%Q109.4,RESERVE_Q109.4,EXPORT/PLC tags/IO/PLCIO_DQ.xml,PLCIO_DQ
Bool,true,true,true,%Q109.5,RESERVE_Q109.5,EXPORT/PLC tags/IO/PLCIO_DQ.xml,PLCIO_DQ
Bool,true,true,true,%Q109.6,RESERVE_Q109.6,EXPORT/PLC tags/IO/PLCIO_DQ.xml,PLCIO_DQ
Bool,true,true,true,%Q109.7,RESERVE_Q109.7,EXPORT/PLC tags/IO/PLCIO_DQ.xml,PLCIO_DQ
Bool,true,true,true,%Q110.0,J-magnet Loading _CCW,EXPORT/PLC tags/IO/PLCIO_DQ.xml,PLCIO_DQ
Bool,true,true,true,%Q110.1,J-magnet Loading _CW,EXPORT/PLC tags/IO/PLCIO_DQ.xml,PLCIO_DQ
Bool,true,true,true,%Q110.2,J-magnet Take _CW,EXPORT/PLC tags/IO/PLCIO_DQ.xml,PLCIO_DQ
Bool,true,true,true,%Q110.3,J-magnet Take _CCW,EXPORT/PLC tags/IO/PLCIO_DQ.xml,PLCIO_DQ
Bool,true,true,true,%Q110.4,RESERVE_Q110.4,EXPORT/PLC tags/IO/PLCIO_DQ.xml,PLCIO_DQ
Bool,true,true,true,%Q110.5,RESERVE_Q110.5,EXPORT/PLC tags/IO/PLCIO_DQ.xml,PLCIO_DQ
Bool,true,true,true,%Q110.6,RESERVE_Q110.6,EXPORT/PLC tags/IO/PLCIO_DQ.xml,PLCIO_DQ
Bool,true,true,true,%Q110.7,RESERVE_Q110.7,EXPORT/PLC tags/IO/PLCIO_DQ.xml,PLCIO_DQ
Bool,true,true,true,%Q111.0,RESERVE_Q111.0,EXPORT/PLC tags/IO/PLCIO_DQ.xml,PLCIO_DQ
Bool,true,true,true,%Q111.1,RESERVE_Q111.1,EXPORT/PLC tags/IO/PLCIO_DQ.xml,PLCIO_DQ
Bool,true,true,true,%Q111.2,RESERVE_Q111.2,EXPORT/PLC tags/IO/PLCIO_DQ.xml,PLCIO_DQ
Bool,true,true,true,%Q111.3,RESERVE_Q111.3,EXPORT/PLC tags/IO/PLCIO_DQ.xml,PLCIO_DQ
Bool,true,true,true,%Q111.4,RESERVE_Q111.4,EXPORT/PLC tags/IO/PLCIO_DQ.xml,PLCIO_DQ
Bool,true,true,true,%Q111.5,RESERVE_Q111.5,EXPORT/PLC tags/IO/PLCIO_DQ.xml,PLCIO_DQ
Bool,true,true,true,%Q111.6,RESERVE_Q111.6,EXPORT/PLC tags/IO/PLCIO_DQ.xml,PLCIO_DQ
Bool,true,true,true,%Q111.7,RESERVE_Q111.7,EXPORT/PLC tags/IO/PLCIO_DQ.xml,PLCIO_DQ
Bool,true,true,true,%Q112.0,L-Unloading _LineMotor_CCW,EXPORT/PLC tags/IO/PLCIO_DQ.xml,PLCIO_DQ
Bool,true,true,true,%Q112.1,L-Unloading _LineMotor_CW,EXPORT/PLC tags/IO/PLCIO_DQ.xml,PLCIO_DQ
Bool,true,true,true,%Q112.2,K-Take _CW,EXPORT/PLC tags/IO/PLCIO_DQ.xml,PLCIO_DQ
Bool,true,true,true,%Q112.3,K-Take _CCW,EXPORT/PLC tags/IO/PLCIO_DQ.xml,PLCIO_DQ
Bool,true,true,true,%Q112.4,RESERVE_Q112.4,EXPORT/PLC tags/IO/PLCIO_DQ.xml,PLCIO_DQ
Bool,true,true,true,%Q112.5,RESERVE_Q112.5,EXPORT/PLC tags/IO/PLCIO_DQ.xml,PLCIO_DQ
Bool,true,true,true,%Q112.6,RESERVE_Q112.6,EXPORT/PLC tags/IO/PLCIO_DQ.xml,PLCIO_DQ
Bool,true,true,true,%Q112.7,RESERVE_Q112.7,EXPORT/PLC tags/IO/PLCIO_DQ.xml,PLCIO_DQ
Bool,true,true,true,%Q113.0,RESERVE_Q113.0,EXPORT/PLC tags/IO/PLCIO_DQ.xml,PLCIO_DQ
Bool,true,true,true,%Q113.1,RESERVE_Q113.1,EXPORT/PLC tags/IO/PLCIO_DQ.xml,PLCIO_DQ
Bool,true,true,true,%Q113.2,RESERVE_Q113.2,EXPORT/PLC tags/IO/PLCIO_DQ.xml,PLCIO_DQ
Bool,true,true,true,%Q113.3,RESERVE_Q113.3,EXPORT/PLC tags/IO/PLCIO_DQ.xml,PLCIO_DQ
Bool,true,true,true,%Q113.4,RESERVE_Q113.4,EXPORT/PLC tags/IO/PLCIO_DQ.xml,PLCIO_DQ
Bool,true,true,true,%Q113.5,RESERVE_Q113.5,EXPORT/PLC tags/IO/PLCIO_DQ.xml,PLCIO_DQ
Bool,true,true,true,%Q113.6,RESERVE_Q113.6,EXPORT/PLC tags/IO/PLCIO_DQ.xml,PLCIO_DQ
Bool,true,true,true,%Q113.7,RESERVE_Q113.7,EXPORT/PLC tags/IO/PLCIO_DQ.xml,PLCIO_DQ
Bool,true,true,true,%Q114.0,K-Loading _CCW,EXPORT/PLC tags/IO/PLCIO_DQ.xml,PLCIO_DQ
Bool,true,true,true,%Q114.1,K-Loading _CW,EXPORT/PLC tags/IO/PLCIO_DQ.xml,PLCIO_DQ
Bool,true,true,true,%Q114.2,RESERVE_Q114.2,EXPORT/PLC tags/IO/PLCIO_DQ.xml,PLCIO_DQ
Bool,true,true,true,%Q114.3,RESERVE_Q114.3,EXPORT/PLC tags/IO/PLCIO_DQ.xml,PLCIO_DQ
Bool,true,true,true,%Q114.4,RESERVE_Q114.4,EXPORT/PLC tags/IO/PLCIO_DQ.xml,PLCIO_DQ
Bool,true,true,true,%Q114.5,RESERVE_Q114.5,EXPORT/PLC tags/IO/PLCIO_DQ.xml,PLCIO_DQ
Bool,true,true,true,%Q114.6,RESERVE_Q114.6,EXPORT/PLC tags/IO/PLCIO_DQ.xml,PLCIO_DQ
Bool,true,true,true,%Q114.7,RESERVE_Q114.7,EXPORT/PLC tags/IO/PLCIO_DQ.xml,PLCIO_DQ
Bool,true,true,true,%Q115.0,RESERVE_Q115.0,EXPORT/PLC tags/IO/PLCIO_DQ.xml,PLCIO_DQ
Bool,true,true,true,%Q115.1,RESERVE_Q115.1,EXPORT/PLC tags/IO/PLCIO_DQ.xml,PLCIO_DQ
Bool,true,true,true,%Q115.2,RESERVE_Q115.2,EXPORT/PLC tags/IO/PLCIO_DQ.xml,PLCIO_DQ
Bool,true,true,true,%Q115.3,RESERVE_Q115.3,EXPORT/PLC tags/IO/PLCIO_DQ.xml,PLCIO_DQ
Bool,true,true,true,%Q115.4,RESERVE_Q115.4,EXPORT/PLC tags/IO/PLCIO_DQ.xml,PLCIO_DQ
Bool,true,true,true,%Q115.5,RESERVE_Q115.5,EXPORT/PLC tags/IO/PLCIO_DQ.xml,PLCIO_DQ
Bool,true,true,true,%Q115.6,RESERVE_Q115.6,EXPORT/PLC tags/IO/PLCIO_DQ.xml,PLCIO_DQ
Bool,true,true,true,%Q115.7,RESERVE_Q115.7,EXPORT/PLC tags/IO/PLCIO_DQ.xml,PLCIO_DQ
Bool,true,true,true,%I1000.0,iA-Loading-02Detection,EXPORT/PLC tags/IO/RemoteIO_DI_1.xml,RemoteIO_DI_1
Bool,true,true,true,%I1000.1,iA-Loading-02GripperTakeDetection,EXPORT/PLC tags/IO/RemoteIO_DI_1.xml,RemoteIO_DI_1
Bool,true,true,true,%I1000.2,iA-Loading-02PipeDetection,EXPORT/PLC tags/IO/RemoteIO_DI_1.xml,RemoteIO_DI_1
Bool,true,true,true,%I1000.3,RESERVE_I1000.3,EXPORT/PLC tags/IO/RemoteIO_DI_1.xml,RemoteIO_DI_1
Bool,true,true,true,%I1000.4,iA-Loading-02HorizontalCylinderInWP,EXPORT/PLC tags/IO/RemoteIO_DI_1.xml,RemoteIO_DI_1
Bool,true,true,true,%I1000.5,iA-Loading-02HorizontalCylinderInHP,EXPORT/PLC tags/IO/RemoteIO_DI_1.xml,RemoteIO_DI_1
Bool,true,true,true,%I1000.6,iA-Loading-02UpDownTakeCylinderInWP,EXPORT/PLC tags/IO/RemoteIO_DI_1.xml,RemoteIO_DI_1
Bool,true,true,true,%I1000.7,iA-Loading-02UpDownTakeCylinderInHP,EXPORT/PLC tags/IO/RemoteIO_DI_1.xml,RemoteIO_DI_1
Bool,true,true,true,%I1001.0,iB-PressFitting-02GripperCylinderInWP,EXPORT/PLC tags/IO/RemoteIO_DI_1.xml,RemoteIO_DI_1
Bool,true,true,true,%I1001.1,iB-PressFitting-02GripperCylinderInHP,EXPORT/PLC tags/IO/RemoteIO_DI_1.xml,RemoteIO_DI_1
Bool,true,true,true,%I1001.2,iB-PressFitting-02DownRingDetection,EXPORT/PLC tags/IO/RemoteIO_DI_1.xml,RemoteIO_DI_1
Bool,true,true,true,%I1001.3,RESERVE_I1001.3,EXPORT/PLC tags/IO/RemoteIO_DI_1.xml,RemoteIO_DI_1
Bool,true,true,true,%I1001.4,RESERVE_I1001.4,EXPORT/PLC tags/IO/RemoteIO_DI_1.xml,RemoteIO_DI_1
Bool,true,true,true,%I1001.5,RESERVE_I1001.5,EXPORT/PLC tags/IO/RemoteIO_DI_1.xml,RemoteIO_DI_1
Bool,true,true,true,%I1001.6,RESERVE_I1001.6,EXPORT/PLC tags/IO/RemoteIO_DI_1.xml,RemoteIO_DI_1
Bool,true,true,true,%I1001.7,RESERVE_I1001.7,EXPORT/PLC tags/IO/RemoteIO_DI_1.xml,RemoteIO_DI_1
Bool,true,true,true,%I1002.0,iB-PressFitting-02CylinderInWP,EXPORT/PLC tags/IO/RemoteIO_DI_1.xml,RemoteIO_DI_1
Bool,true,true,true,%I1002.1,iB-PressFitting-02CylinderInHP,EXPORT/PLC tags/IO/RemoteIO_DI_1.xml,RemoteIO_DI_1
Bool,true,true,true,%I1002.2,iB-PressFitting-02UpRingDetection,EXPORT/PLC tags/IO/RemoteIO_DI_1.xml,RemoteIO_DI_1
Bool,true,true,true,%I1002.3,iB-PressFitting-02ShaftDetection,EXPORT/PLC tags/IO/RemoteIO_DI_1.xml,RemoteIO_DI_1
Bool,true,true,true,%I1002.4,RESERVE_I1002.4,EXPORT/PLC tags/IO/RemoteIO_DI_1.xml,RemoteIO_DI_1
Bool,true,true,true,%I1002.5,RESERVE_I1002.5,EXPORT/PLC tags/IO/RemoteIO_DI_1.xml,RemoteIO_DI_1
Bool,true,true,true,%I1002.6,RESERVE_I1002.6,EXPORT/PLC tags/IO/RemoteIO_DI_1.xml,RemoteIO_DI_1
Bool,true,true,true,%I1002.7,RESERVE_I1002.7,EXPORT/PLC tags/IO/RemoteIO_DI_1.xml,RemoteIO_DI_1
Bool,true,true,true,%I1003.0,iE-NG-02NGLocationCylinderInWP,EXPORT/PLC tags/IO/RemoteIO_DI_1.xml,RemoteIO_DI_1
Bool,true,true,true,%I1003.1,iE-NG-02NGLocationCylinderInHP,EXPORT/PLC tags/IO/RemoteIO_DI_1.xml,RemoteIO_DI_1
Bool,true,true,true,%I1003.2,iE-NG-03ShaftDispenseNGDetection,EXPORT/PLC tags/IO/RemoteIO_DI_1.xml,RemoteIO_DI_1
Bool,true,true,true,%I1003.3,iE-NG-03MagnetDispenseNGDetection,EXPORT/PLC tags/IO/RemoteIO_DI_1.xml,RemoteIO_DI_1
Bool,true,true,true,%I1003.4,iE-NG-02Detection,EXPORT/PLC tags/IO/RemoteIO_DI_1.xml,RemoteIO_DI_1
Bool,true,true,true,%I1003.5,iC-GlueServoHomePos,EXPORT/PLC tags/IO/RemoteIO_DI_1.xml,RemoteIO_DI_1
Bool,true,true,true,%I1003.6,RESERVE_I1003.6,EXPORT/PLC tags/IO/RemoteIO_DI_1.xml,RemoteIO_DI_1
Bool,true,true,true,%I1003.7,RESERVE_I1003.7,EXPORT/PLC tags/IO/RemoteIO_DI_1.xml,RemoteIO_DI_1
Bool,true,true,true,%I1004.0,iC-LocationCylinderInWP,EXPORT/PLC tags/IO/RemoteIO_DI_1.xml,RemoteIO_DI_1
Bool,true,true,true,%I1004.1,iC-LocationCylinderInHP,EXPORT/PLC tags/IO/RemoteIO_DI_1.xml,RemoteIO_DI_1
Bool,true,true,true,%I1004.2,iC-LocationShaftDetection,EXPORT/PLC tags/IO/RemoteIO_DI_1.xml,RemoteIO_DI_1
Bool,true,true,true,%I1004.3,iE-NG-01Detection,EXPORT/PLC tags/IO/RemoteIO_DI_1.xml,RemoteIO_DI_1
Bool,true,true,true,%I1004.4,iE-NG-01NGLocationCylinderInWP,EXPORT/PLC tags/IO/RemoteIO_DI_1.xml,RemoteIO_DI_1
Bool,true,true,true,%I1004.5,iE-NG-01NGLocationCylinderInHP,EXPORT/PLC tags/IO/RemoteIO_DI_1.xml,RemoteIO_DI_1
Bool,true,true,true,%I1004.6,RESERVE_I1004.6,EXPORT/PLC tags/IO/RemoteIO_DI_1.xml,RemoteIO_DI_1
Bool,true,true,true,%I1004.7,RESERVE_I1004.7,EXPORT/PLC tags/IO/RemoteIO_DI_1.xml,RemoteIO_DI_1
Bool,true,true,true,%I1005.0,iB-PressFitting-01GripperCylinderInWP,EXPORT/PLC tags/IO/RemoteIO_DI_1.xml,RemoteIO_DI_1
Bool,true,true,true,%I1005.1,iB-PressFitting-01GripperCylinderInHP,EXPORT/PLC tags/IO/RemoteIO_DI_1.xml,RemoteIO_DI_1
Bool,true,true,true,%I1005.2,iB-PressFitting-01DownRingDetection,EXPORT/PLC tags/IO/RemoteIO_DI_1.xml,RemoteIO_DI_1
Bool,true,true,true,%I1005.3,RESERVE_I1005.3,EXPORT/PLC tags/IO/RemoteIO_DI_1.xml,RemoteIO_DI_1
Bool,true,true,true,%I1005.4,RESERVE_I1005.4,EXPORT/PLC tags/IO/RemoteIO_DI_1.xml,RemoteIO_DI_1
Bool,true,true,true,%I1005.5,RESERVE_I1005.5,EXPORT/PLC tags/IO/RemoteIO_DI_1.xml,RemoteIO_DI_1
Bool,true,true,true,%I1005.6,RESERVE_I1005.6,EXPORT/PLC tags/IO/RemoteIO_DI_1.xml,RemoteIO_DI_1
Bool,true,true,true,%I1005.7,RESERVE_I1005.7,EXPORT/PLC tags/IO/RemoteIO_DI_1.xml,RemoteIO_DI_1
Bool,true,true,true,%I1006.0,iB-PressFitting-01CylinderInWP,EXPORT/PLC tags/IO/RemoteIO_DI_1.xml,RemoteIO_DI_1
Bool,true,true,true,%I1006.1,iB-PressFitting-01CylinderInHP,EXPORT/PLC tags/IO/RemoteIO_DI_1.xml,RemoteIO_DI_1
Bool,true,true,true,%I1006.2,iB-PressFitting-01UpRingDetection,EXPORT/PLC tags/IO/RemoteIO_DI_1.xml,RemoteIO_DI_1
Bool,true,true,true,%I1006.3,iB-PressFitting-01ShaftDetection,EXPORT/PLC tags/IO/RemoteIO_DI_1.xml,RemoteIO_DI_1
Bool,true,true,true,%I1006.4,iA-Rotating product Check,EXPORT/PLC tags/IO/RemoteIO_DI_1.xml,RemoteIO_DI_1
Bool,true,true,true,%I1006.5,RESERVE_I1006.5,EXPORT/PLC tags/IO/RemoteIO_DI_1.xml,RemoteIO_DI_1
Bool,true,true,true,%I1006.6,RESERVE_I1006.6,EXPORT/PLC tags/IO/RemoteIO_DI_1.xml,RemoteIO_DI_1
Bool,true,true,true,%I1006.7,RESERVE_I1006.7,EXPORT/PLC tags/IO/RemoteIO_DI_1.xml,RemoteIO_DI_1
Bool,true,true,true,%I1007.0,iA-Loading-01Detection,EXPORT/PLC tags/IO/RemoteIO_DI_1.xml,RemoteIO_DI_1
Bool,true,true,true,%I1007.1,iA-Loading-01GripperTakeDetection,EXPORT/PLC tags/IO/RemoteIO_DI_1.xml,RemoteIO_DI_1
Bool,true,true,true,%I1007.2,iA-Loading-01PipeDetection,EXPORT/PLC tags/IO/RemoteIO_DI_1.xml,RemoteIO_DI_1
Bool,true,true,true,%I1007.3,iA-Loading-01HorizontalCylinderInWP,EXPORT/PLC tags/IO/RemoteIO_DI_1.xml,RemoteIO_DI_1
Bool,true,true,true,%I1007.4,iA-Loading-01HorizontalCylinderInHP,EXPORT/PLC tags/IO/RemoteIO_DI_1.xml,RemoteIO_DI_1
Bool,true,true,true,%I1007.5,iA-Loading-01UpDownTakeCylinderInWP,EXPORT/PLC tags/IO/RemoteIO_DI_1.xml,RemoteIO_DI_1
Bool,true,true,true,%I1007.6,iA-Loading-01UpDownTakeCylinderInHP,EXPORT/PLC tags/IO/RemoteIO_DI_1.xml,RemoteIO_DI_1
Bool,true,true,true,%I1007.7,RESERVE_I1007.7,EXPORT/PLC tags/IO/RemoteIO_DI_1.xml,RemoteIO_DI_1
Bool,true,true,true,%I1008.0,iE2-UnloadingPressNG_1,EXPORT/PLC tags/IO/RemoteIO_DI_1.xml,RemoteIO_DI_1
Bool,true,true,true,%I1008.1,iE2-UnloadingPressNG_2,EXPORT/PLC tags/IO/RemoteIO_DI_1.xml,RemoteIO_DI_1
Bool,true,true,true,%I1008.2,iE2-UnloadingPressNG_3,EXPORT/PLC tags/IO/RemoteIO_DI_1.xml,RemoteIO_DI_1
Bool,true,true,true,%I1008.3,iE2-UnloadingPressNG_4,EXPORT/PLC tags/IO/RemoteIO_DI_1.xml,RemoteIO_DI_1
Bool,true,true,true,%I1008.4,iE2-UnloadingPressNG_5,EXPORT/PLC tags/IO/RemoteIO_DI_1.xml,RemoteIO_DI_1
Bool,true,true,true,%I1008.5,iE2-UnloadingMagentScanNG_1,EXPORT/PLC tags/IO/RemoteIO_DI_1.xml,RemoteIO_DI_1
Bool,true,true,true,%I1008.6,iE2-UnloadingMagentScanNG_2,EXPORT/PLC tags/IO/RemoteIO_DI_1.xml,RemoteIO_DI_1
Bool,true,true,true,%I1008.7,iE2-UnloadingMagentScanNG_3,EXPORT/PLC tags/IO/RemoteIO_DI_1.xml,RemoteIO_DI_1
Bool,true,true,true,%I1100.0,iF-ROOBT3Gripper1CylinderInWP,EXPORT/PLC tags/IO/RemoteIO_DI_1.xml,RemoteIO_DI_1
Bool,true,true,true,%I1100.1,iF-ROOBT3Gripper1CylinderInHP,EXPORT/PLC tags/IO/RemoteIO_DI_1.xml,RemoteIO_DI_1
Bool,true,true,true,%I1100.2,iF-ROOBT3Gripper2CylinderInWP,EXPORT/PLC tags/IO/RemoteIO_DI_1.xml,RemoteIO_DI_1
Bool,true,true,true,%I1100.3,iF-ROOBT3Gripper2CylinderInHP,EXPORT/PLC tags/IO/RemoteIO_DI_1.xml,RemoteIO_DI_1
Bool,true,true,true,%I1100.4,RESERVE_I1100.4,EXPORT/PLC tags/IO/RemoteIO_DI_1.xml,RemoteIO_DI_1
Bool,true,true,true,%I1100.5,RESERVE_I1100.5,EXPORT/PLC tags/IO/RemoteIO_DI_1.xml,RemoteIO_DI_1
Bool,true,true,true,%I1100.6,RESERVE_I1100.6,EXPORT/PLC tags/IO/RemoteIO_DI_1.xml,RemoteIO_DI_1
Bool,true,true,true,%I1100.7,RESERVE_I1100.7,EXPORT/PLC tags/IO/RemoteIO_DI_1.xml,RemoteIO_DI_1
Bool,true,true,true,%I1101.0,iF-ROOBT3Gripper1Detection,EXPORT/PLC tags/IO/RemoteIO_DI_1.xml,RemoteIO_DI_1
Bool,true,true,true,%I1101.1,iF-ROOBT3Gripper2Detection-,EXPORT/PLC tags/IO/RemoteIO_DI_1.xml,RemoteIO_DI_1
Bool,true,true,true,%I1101.2,RESERVE_I1101.2,EXPORT/PLC tags/IO/RemoteIO_DI_1.xml,RemoteIO_DI_1
Bool,true,true,true,%I1101.3,RESERVE_I1101.3,EXPORT/PLC tags/IO/RemoteIO_DI_1.xml,RemoteIO_DI_1
Bool,true,true,true,%I1101.4,RESERVE_I1101.4,EXPORT/PLC tags/IO/RemoteIO_DI_1.xml,RemoteIO_DI_1
Bool,true,true,true,%I1101.5,RESERVE_I1101.5,EXPORT/PLC tags/IO/RemoteIO_DI_1.xml,RemoteIO_DI_1
Bool,true,true,true,%I1101.6,RESERVE_I1101.6,EXPORT/PLC tags/IO/RemoteIO_DI_1.xml,RemoteIO_DI_1
Bool,true,true,true,%I1101.7,RESERVE_I1101.7,EXPORT/PLC tags/IO/RemoteIO_DI_1.xml,RemoteIO_DI_1
Bool,true,true,true,%I1102.0,iF-ROOBT2Gripper1CylinderInWP,EXPORT/PLC tags/IO/RemoteIO_DI_1.xml,RemoteIO_DI_1
Bool,true,true,true,%I1102.1,iF-ROOBT2Gripper1CylinderInHP,EXPORT/PLC tags/IO/RemoteIO_DI_1.xml,RemoteIO_DI_1
Bool,true,true,true,%I1102.2,iF-ROOBT2Gripper2CylinderInWP,EXPORT/PLC tags/IO/RemoteIO_DI_1.xml,RemoteIO_DI_1
Bool,true,true,true,%I1102.3,iF-ROOBT2Gripper2CylinderInHP,EXPORT/PLC tags/IO/RemoteIO_DI_1.xml,RemoteIO_DI_1
Bool,true,true,true,%I1102.4,RESERVE_I1102.4,EXPORT/PLC tags/IO/RemoteIO_DI_1.xml,RemoteIO_DI_1
Bool,true,true,true,%I1102.5,RESERVE_I1102.5,EXPORT/PLC tags/IO/RemoteIO_DI_1.xml,RemoteIO_DI_1
Bool,true,true,true,%I1102.6,RESERVE_I1102.6,EXPORT/PLC tags/IO/RemoteIO_DI_1.xml,RemoteIO_DI_1
Bool,true,true,true,%I1102.7,RESERVE_I1102.7,EXPORT/PLC tags/IO/RemoteIO_DI_1.xml,RemoteIO_DI_1
Bool,true,true,true,%I1103.0,iF-ROOBT2Gripper1Detection,EXPORT/PLC tags/IO/RemoteIO_DI_1.xml,RemoteIO_DI_1
Bool,true,true,true,%I1103.1,iF-ROOBT2Gripper2Detection,EXPORT/PLC tags/IO/RemoteIO_DI_1.xml,RemoteIO_DI_1
Bool,true,true,true,%I1103.2,RESERVE_I1103.2,EXPORT/PLC tags/IO/RemoteIO_DI_1.xml,RemoteIO_DI_1
Bool,true,true,true,%I1103.3,RESERVE_I1103.3,EXPORT/PLC tags/IO/RemoteIO_DI_1.xml,RemoteIO_DI_1
Bool,true,true,true,%I1103.4,RESERVE_I1103.4,EXPORT/PLC tags/IO/RemoteIO_DI_1.xml,RemoteIO_DI_1
Bool,true,true,true,%I1103.5,RESERVE_I1103.5,EXPORT/PLC tags/IO/RemoteIO_DI_1.xml,RemoteIO_DI_1
Bool,true,true,true,%I1103.6,RESERVE_I1103.6,EXPORT/PLC tags/IO/RemoteIO_DI_1.xml,RemoteIO_DI_1
Bool,true,true,true,%I1103.7,RESERVE_I1103.7,EXPORT/PLC tags/IO/RemoteIO_DI_1.xml,RemoteIO_DI_1
Bool,true,true,true,%I1104.0,iF-ROOBT1Gripper1CylinderInWP,EXPORT/PLC tags/IO/RemoteIO_DI_1.xml,RemoteIO_DI_1
Bool,true,true,true,%I1104.1,iF-ROOBT1Gripper1CylinderInHP,EXPORT/PLC tags/IO/RemoteIO_DI_1.xml,RemoteIO_DI_1
Bool,true,true,true,%I1104.2,iF-ROOBT1Gripper2CylinderInWP,EXPORT/PLC tags/IO/RemoteIO_DI_1.xml,RemoteIO_DI_1
Bool,true,true,true,%I1104.3,iF-ROOBT1Gripper2CylinderInHP,EXPORT/PLC tags/IO/RemoteIO_DI_1.xml,RemoteIO_DI_1
Bool,true,true,true,%I1104.4,RESERVE_I1104.4,EXPORT/PLC tags/IO/RemoteIO_DI_1.xml,RemoteIO_DI_1
Bool,true,true,true,%I1104.5,RESERVE_I1104.5,EXPORT/PLC tags/IO/RemoteIO_DI_1.xml,RemoteIO_DI_1
Bool,true,true,true,%I1104.6,RESERVE_I1104.6,EXPORT/PLC tags/IO/RemoteIO_DI_1.xml,RemoteIO_DI_1
Bool,true,true,true,%I1104.7,RESERVE_I1104.7,EXPORT/PLC tags/IO/RemoteIO_DI_1.xml,RemoteIO_DI_1
Bool,true,true,true,%I1105.0,iF-ROOBT1Gripper1Detection,EXPORT/PLC tags/IO/RemoteIO_DI_1.xml,RemoteIO_DI_1
Bool,true,true,true,%I1105.1,iF-ROOBT1Gripper2Detection,EXPORT/PLC tags/IO/RemoteIO_DI_1.xml,RemoteIO_DI_1
Bool,true,true,true,%I1105.2,iF-ROOBT1ShaftDetection,EXPORT/PLC tags/IO/RemoteIO_DI_1.xml,RemoteIO_DI_1
Bool,true,true,true,%I1105.3,RESERVE_I1105.3,EXPORT/PLC tags/IO/RemoteIO_DI_1.xml,RemoteIO_DI_1
Bool,true,true,true,%I1105.4,RESERVE_I1105.4,EXPORT/PLC tags/IO/RemoteIO_DI_1.xml,RemoteIO_DI_1
Bool,true,true,true,%I1105.5,RESERVE_I1105.5,EXPORT/PLC tags/IO/RemoteIO_DI_1.xml,RemoteIO_DI_1
Bool,true,true,true,%I1105.6,RESERVE_I1105.6,EXPORT/PLC tags/IO/RemoteIO_DI_1.xml,RemoteIO_DI_1
Bool,true,true,true,%I1105.7,RESERVE_I1105.7,EXPORT/PLC tags/IO/RemoteIO_DI_1.xml,RemoteIO_DI_1
Bool,true,true,true,%I1009.0,iE2-UnloadingMagentScanNG_4,EXPORT/PLC tags/IO/RemoteIO_DI_1.xml,RemoteIO_DI_1
Bool,true,true,true,%I1009.1,iE2-UnloadingMagentScanNG_5,EXPORT/PLC tags/IO/RemoteIO_DI_1.xml,RemoteIO_DI_1
Bool,true,true,true,%I1009.2,iE2-UnloadingRingScanNG_1,EXPORT/PLC tags/IO/RemoteIO_DI_1.xml,RemoteIO_DI_1
Bool,true,true,true,%I1009.3,iE2-UnloadingRingScanNG_2,EXPORT/PLC tags/IO/RemoteIO_DI_1.xml,RemoteIO_DI_1
Bool,true,true,true,%I1009.4,iE2-UnloadingRingScanNG_3,EXPORT/PLC tags/IO/RemoteIO_DI_1.xml,RemoteIO_DI_1
Bool,true,true,true,%I1009.5,iE2-UnloadingRingScanNG_4,EXPORT/PLC tags/IO/RemoteIO_DI_1.xml,RemoteIO_DI_1
Bool,true,true,true,%I1009.6,iE2-UnloadingRingScanNG_5,EXPORT/PLC tags/IO/RemoteIO_DI_1.xml,RemoteIO_DI_1
Bool,true,true,true,%I1009.7,RESERVE_I1009.7,EXPORT/PLC tags/IO/RemoteIO_DI_1.xml,RemoteIO_DI_1
Bool,true,true,true,%I1010.0,iE1-UnloadingShaftPressNG_1,EXPORT/PLC tags/IO/RemoteIO_DI_1.xml,RemoteIO_DI_1
Bool,true,true,true,%I1010.1,iE1-UnloadingShaftPressNG_2,EXPORT/PLC tags/IO/RemoteIO_DI_1.xml,RemoteIO_DI_1
Bool,true,true,true,%I1010.2,iE1-UnloadingShaftPressNG_3,EXPORT/PLC tags/IO/RemoteIO_DI_1.xml,RemoteIO_DI_1
Bool,true,true,true,%I1010.3,iE1-UnloadingShaftPressNG_4,EXPORT/PLC tags/IO/RemoteIO_DI_1.xml,RemoteIO_DI_1
Bool,true,true,true,%I1010.4,iE1-UnloadingShaftPressNG_5,EXPORT/PLC tags/IO/RemoteIO_DI_1.xml,RemoteIO_DI_1
Bool,true,true,true,%I1010.5,iE1-UnloadingShaftScanNG_1,EXPORT/PLC tags/IO/RemoteIO_DI_1.xml,RemoteIO_DI_1
Bool,true,true,true,%I1010.6,iE1-UnloadingShaftScanNG_2,EXPORT/PLC tags/IO/RemoteIO_DI_1.xml,RemoteIO_DI_1
Bool,true,true,true,%I1010.7,iE1-UnloadingShaftScanNG_3,EXPORT/PLC tags/IO/RemoteIO_DI_1.xml,RemoteIO_DI_1
Bool,true,true,true,%I1011.0,iE1-UnloadingShaftScanNG_4,EXPORT/PLC tags/IO/RemoteIO_DI_1.xml,RemoteIO_DI_1
Bool,true,true,true,%I1011.1,iE1-UnloadingShaftScanNG_5,EXPORT/PLC tags/IO/RemoteIO_DI_1.xml,RemoteIO_DI_1
Bool,true,true,true,%I1011.2,iE1-UnloadingRingScanNG_1,EXPORT/PLC tags/IO/RemoteIO_DI_1.xml,RemoteIO_DI_1
Bool,true,true,true,%I1011.3,iE1-UnloadingRingScanNG_2,EXPORT/PLC tags/IO/RemoteIO_DI_1.xml,RemoteIO_DI_1
Bool,true,true,true,%I1011.4,iE1-UnloadingRingScanNG_3,EXPORT/PLC tags/IO/RemoteIO_DI_1.xml,RemoteIO_DI_1
Bool,true,true,true,%I1011.5,iE1-UnloadingRingScanNG_4,EXPORT/PLC tags/IO/RemoteIO_DI_1.xml,RemoteIO_DI_1
Bool,true,true,true,%I1011.6,iE1-UnloadingRingScanNG_5,EXPORT/PLC tags/IO/RemoteIO_DI_1.xml,RemoteIO_DI_1
Bool,true,true,true,%I1011.7,RESERVE_I1011.7,EXPORT/PLC tags/IO/RemoteIO_DI_1.xml,RemoteIO_DI_1
Bool,true,true,true,%I2000.0,iH-shaftLoadingDetection1,EXPORT/PLC tags/IO/RemoteIO_DI_2.xml,RemoteIO_DI_2
Bool,true,true,true,%I2000.1,iH-shaftLoadingDetection2,EXPORT/PLC tags/IO/RemoteIO_DI_2.xml,RemoteIO_DI_2
Bool,true,true,true,%I2000.2,iH-shaftLoadingDetection3,EXPORT/PLC tags/IO/RemoteIO_DI_2.xml,RemoteIO_DI_2
Bool,true,true,true,%I2000.3,iH-shaftLoadingDetection4,EXPORT/PLC tags/IO/RemoteIO_DI_2.xml,RemoteIO_DI_2
Bool,true,true,true,%I2000.4,H-shaftPalletEmptyCheck1,EXPORT/PLC tags/IO/RemoteIO_DI_2.xml,RemoteIO_DI_2
Bool,true,true,true,%I2000.5,H-shaftPalletEmptyCheck2,EXPORT/PLC tags/IO/RemoteIO_DI_2.xml,RemoteIO_DI_2
Bool,true,true,true,%I2000.6,H-shaftPalletEmptyCheck3,EXPORT/PLC tags/IO/RemoteIO_DI_2.xml,RemoteIO_DI_2
Bool,true,true,true,%I2000.7,iH-shaftPalletEmptyCheck4,EXPORT/PLC tags/IO/RemoteIO_DI_2.xml,RemoteIO_DI_2
Bool,true,true,true,%I2001.0,iH-shaftTakeDetection1,EXPORT/PLC tags/IO/RemoteIO_DI_2.xml,RemoteIO_DI_2
Bool,true,true,true,%I2001.1,iH-shaftTakeDetection2,EXPORT/PLC tags/IO/RemoteIO_DI_2.xml,RemoteIO_DI_2
Bool,true,true,true,%I2001.2,iH-shaftTakeDetection3,EXPORT/PLC tags/IO/RemoteIO_DI_2.xml,RemoteIO_DI_2
Bool,true,true,true,%I2001.3,iH-shaftTakeShaftDetection,EXPORT/PLC tags/IO/RemoteIO_DI_2.xml,RemoteIO_DI_2
Bool,true,true,true,%I2001.4,iH-shaftTakeGateDetection,EXPORT/PLC tags/IO/RemoteIO_DI_2.xml,RemoteIO_DI_2
Bool,true,true,true,%I2001.5,RESERVE_I2001.5,EXPORT/PLC tags/IO/RemoteIO_DI_2.xml,RemoteIO_DI_2
Bool,true,true,true,%I2001.6,RESERVE_I2001.6,EXPORT/PLC tags/IO/RemoteIO_DI_2.xml,RemoteIO_DI_2
Bool,true,true,true,%I2001.7,RESERVE_I2001.7,EXPORT/PLC tags/IO/RemoteIO_DI_2.xml,RemoteIO_DI_2
Bool,true,true,true,%I2002.0,iH-shaftLiftingPalletLocationCylinderInWP,EXPORT/PLC tags/IO/RemoteIO_DI_2.xml,RemoteIO_DI_2
Bool,true,true,true,%I2002.1,iH-shaftLiftingPalletLocationCylinderInHP,EXPORT/PLC tags/IO/RemoteIO_DI_2.xml,RemoteIO_DI_2
Bool,true,true,true,%I2002.2,iH-shaftLiftingLiftingCylinderInWP,EXPORT/PLC tags/IO/RemoteIO_DI_2.xml,RemoteIO_DI_2
Bool,true,true,true,%I2002.3,iH-shaftLiftingLiftingCylinderInHP,EXPORT/PLC tags/IO/RemoteIO_DI_2.xml,RemoteIO_DI_2
Bool,true,true,true,%I2002.4,iH-shaftLiftingPalletIn,EXPORT/PLC tags/IO/RemoteIO_DI_2.xml,RemoteIO_DI_2
Bool,true,true,true,%I2002.5,iH-shaftLiftingPalletDischarge,EXPORT/PLC tags/IO/RemoteIO_DI_2.xml,RemoteIO_DI_2
Bool,true,true,true,%I2002.6,iH-shaftMiddleDetection,EXPORT/PLC tags/IO/RemoteIO_DI_2.xml,RemoteIO_DI_2
Bool,true,true,true,%I2002.7,RESERVE_I2002.7,EXPORT/PLC tags/IO/RemoteIO_DI_2.xml,RemoteIO_DI_2
Bool,true,true,true,%I2003.0,iJ-magnetLoadingDetection1,EXPORT/PLC tags/IO/RemoteIO_DI_2.xml,RemoteIO_DI_2
Bool,true,true,true,%I2003.1,iJ-magnetLoadingDetection2,EXPORT/PLC tags/IO/RemoteIO_DI_2.xml,RemoteIO_DI_2
Bool,true,true,true,%I2003.2,iJ-magnetLoadingDetection3,EXPORT/PLC tags/IO/RemoteIO_DI_2.xml,RemoteIO_DI_2
Bool,true,true,true,%I2003.3,iJ-magnetLoadingDetection4,EXPORT/PLC tags/IO/RemoteIO_DI_2.xml,RemoteIO_DI_2
Bool,true,true,true,%I2003.4,J-mganePalletEmptyCheck1,EXPORT/PLC tags/IO/RemoteIO_DI_2.xml,RemoteIO_DI_2
Bool,true,true,true,%I2003.5,J-mganePalletEmptyCheck2,EXPORT/PLC tags/IO/RemoteIO_DI_2.xml,RemoteIO_DI_2
Bool,true,true,true,%I2003.6,J-mganePalletEmptyCheck3,EXPORT/PLC tags/IO/RemoteIO_DI_2.xml,RemoteIO_DI_2
Bool,true,true,true,%I2003.7,J-mganePalletEmptyCheck4,EXPORT/PLC tags/IO/RemoteIO_DI_2.xml,RemoteIO_DI_2
Bool,true,true,true,%I2004.0,iJ-magnetTakeDetection1,EXPORT/PLC tags/IO/RemoteIO_DI_2.xml,RemoteIO_DI_2
Bool,true,true,true,%I2004.1,iJ-magnetTakeDetection2,EXPORT/PLC tags/IO/RemoteIO_DI_2.xml,RemoteIO_DI_2
Bool,true,true,true,%I2004.2,iJ-magnetTakeDetection3,EXPORT/PLC tags/IO/RemoteIO_DI_2.xml,RemoteIO_DI_2
Bool,true,true,true,%I2004.3,iJ-magnetTakeShaftDetection,EXPORT/PLC tags/IO/RemoteIO_DI_2.xml,RemoteIO_DI_2
Bool,true,true,true,%I2004.4,iJ-magnetTakeGateDetection,EXPORT/PLC tags/IO/RemoteIO_DI_2.xml,RemoteIO_DI_2
Bool,true,true,true,%I2004.5,RESERVE_I2004.5,EXPORT/PLC tags/IO/RemoteIO_DI_2.xml,RemoteIO_DI_2
Bool,true,true,true,%I2004.6,RESERVE_I2004.6,EXPORT/PLC tags/IO/RemoteIO_DI_2.xml,RemoteIO_DI_2
Bool,true,true,true,%I2004.7,RESERVE_I2004.7,EXPORT/PLC tags/IO/RemoteIO_DI_2.xml,RemoteIO_DI_2
Bool,true,true,true,%I2005.0,iJ-magnetLiftingPalletLocationCylinderInWP,EXPORT/PLC tags/IO/RemoteIO_DI_2.xml,RemoteIO_DI_2
Bool,true,true,true,%I2005.1,iJ-magnetLiftingPalletLocationCylinderInHP,EXPORT/PLC tags/IO/RemoteIO_DI_2.xml,RemoteIO_DI_2
Bool,true,true,true,%I2005.2,iJ-magnetLiftingLiftingCylinderInWP,EXPORT/PLC tags/IO/RemoteIO_DI_2.xml,RemoteIO_DI_2
Bool,true,true,true,%I2005.3,iJ-magnetLiftingLiftingCylinderInHP,EXPORT/PLC tags/IO/RemoteIO_DI_2.xml,RemoteIO_DI_2
Bool,true,true,true,%I2005.4,iJ-magnetLiftingPalletInPlaceDetection,EXPORT/PLC tags/IO/RemoteIO_DI_2.xml,RemoteIO_DI_2
Bool,true,true,true,%I2005.5,iJ-magnetLiftingPalletDischargeDetection,EXPORT/PLC tags/IO/RemoteIO_DI_2.xml,RemoteIO_DI_2
Bool,true,true,true,%I2005.6,iJ-MagnetMiddleDetection,EXPORT/PLC tags/IO/RemoteIO_DI_2.xml,RemoteIO_DI_2
Bool,true,true,true,%I2005.7,RESERVE_I2005.7,EXPORT/PLC tags/IO/RemoteIO_DI_2.xml,RemoteIO_DI_2
Bool,true,true,true,%I2006.0,iK-reserveLoadingDetection1,EXPORT/PLC tags/IO/RemoteIO_DI_2.xml,RemoteIO_DI_2
Bool,true,true,true,%I2006.1,iK-reserveLoadingDetection2,EXPORT/PLC tags/IO/RemoteIO_DI_2.xml,RemoteIO_DI_2
Bool,true,true,true,%I2006.2,iK-reserveLoadingDetection3,EXPORT/PLC tags/IO/RemoteIO_DI_2.xml,RemoteIO_DI_2
Bool,true,true,true,%I2006.3,iK-reserveLoadingDetection4,EXPORT/PLC tags/IO/RemoteIO_DI_2.xml,RemoteIO_DI_2
Bool,true,true,true,%I2006.4,K-reservePalletEmptyCheck1,EXPORT/PLC tags/IO/RemoteIO_DI_2.xml,RemoteIO_DI_2
Bool,true,true,true,%I2006.5,K-reservePalletEmptyCheck2,EXPORT/PLC tags/IO/RemoteIO_DI_2.xml,RemoteIO_DI_2
Bool,true,true,true,%I2006.6,K-reservePalletEmptyCheck3,EXPORT/PLC tags/IO/RemoteIO_DI_2.xml,RemoteIO_DI_2
Bool,true,true,true,%I2006.7,K-reservePalletEmptyCheck4,EXPORT/PLC tags/IO/RemoteIO_DI_2.xml,RemoteIO_DI_2
Bool,true,true,true,%I2007.0,RESERVE_I2007.0,EXPORT/PLC tags/IO/RemoteIO_DI_2.xml,RemoteIO_DI_2
Bool,true,true,true,%I2007.1,RESERVE_I2007.1,EXPORT/PLC tags/IO/RemoteIO_DI_2.xml,RemoteIO_DI_2
Bool,true,true,true,%I2007.2,RESERVE_I2007.2,EXPORT/PLC tags/IO/RemoteIO_DI_2.xml,RemoteIO_DI_2
Bool,true,true,true,%I2007.3,RESERVE_I2007.3,EXPORT/PLC tags/IO/RemoteIO_DI_2.xml,RemoteIO_DI_2
Bool,true,true,true,%I2007.4,RESERVE_I2007.4,EXPORT/PLC tags/IO/RemoteIO_DI_2.xml,RemoteIO_DI_2
Bool,true,true,true,%I2007.5,RESERVE_I2007.5,EXPORT/PLC tags/IO/RemoteIO_DI_2.xml,RemoteIO_DI_2
Bool,true,true,true,%I2007.6,RESERVE_I2007.6,EXPORT/PLC tags/IO/RemoteIO_DI_2.xml,RemoteIO_DI_2
Bool,true,true,true,%I2007.7,RESERVE_I2007.7,EXPORT/PLC tags/IO/RemoteIO_DI_2.xml,RemoteIO_DI_2
Bool,true,true,true,%I2008.0,iK-reserveTakeDetection1,EXPORT/PLC tags/IO/RemoteIO_DI_2.xml,RemoteIO_DI_2
Bool,true,true,true,%I2008.1,iK-reserveTakeDetection2,EXPORT/PLC tags/IO/RemoteIO_DI_2.xml,RemoteIO_DI_2
Bool,true,true,true,%I2008.2,iK-reserveTakeDetection3,EXPORT/PLC tags/IO/RemoteIO_DI_2.xml,RemoteIO_DI_2
Bool,true,true,true,%I2008.3,iK-reserveTakeShaftDetection,EXPORT/PLC tags/IO/RemoteIO_DI_2.xml,RemoteIO_DI_2
Bool,true,true,true,%I2008.4,iK-reserveTakeGateDetection,EXPORT/PLC tags/IO/RemoteIO_DI_2.xml,RemoteIO_DI_2
Bool,true,true,true,%I2008.5,RESERVE_I2008.5,EXPORT/PLC tags/IO/RemoteIO_DI_2.xml,RemoteIO_DI_2
Bool,true,true,true,%I2008.6,RESERVE_I2008.6,EXPORT/PLC tags/IO/RemoteIO_DI_2.xml,RemoteIO_DI_2
Bool,true,true,true,%I2008.7,RESERVE_I2008.7,EXPORT/PLC tags/IO/RemoteIO_DI_2.xml,RemoteIO_DI_2
Bool,true,true,true,%I2100.0,iK-reserveLifting3PalletLocationCylinderInWP,EXPORT/PLC tags/IO/RemoteIO_DI_2.xml,RemoteIO_DI_2
Bool,true,true,true,%I2100.1,iK-reserveLifting3PalletLocationCylinderInHP,EXPORT/PLC tags/IO/RemoteIO_DI_2.xml,RemoteIO_DI_2
Bool,true,true,true,%I2100.2,iK-reserveLifting3LiftingCylinderInWP,EXPORT/PLC tags/IO/RemoteIO_DI_2.xml,RemoteIO_DI_2
Bool,true,true,true,%I2100.3,iK-reserveLifting3LiftingCylinderInHP,EXPORT/PLC tags/IO/RemoteIO_DI_2.xml,RemoteIO_DI_2
Bool,true,true,true,%I2100.4,iK-reserveLifting3PalletInPlaceDetection,EXPORT/PLC tags/IO/RemoteIO_DI_2.xml,RemoteIO_DI_2
Bool,true,true,true,%I2100.5,iK-reserveLifting3PalletDischargeDetection,EXPORT/PLC tags/IO/RemoteIO_DI_2.xml,RemoteIO_DI_2
Bool,true,true,true,%I2100.6,iK-reserveMiddleDetection,EXPORT/PLC tags/IO/RemoteIO_DI_2.xml,RemoteIO_DI_2
Bool,true,true,true,%I2100.7,RESERVE_I2100.7,EXPORT/PLC tags/IO/RemoteIO_DI_2.xml,RemoteIO_DI_2
Bool,true,true,true,%I2101.0,RESERVE_I2101.0,EXPORT/PLC tags/IO/RemoteIO_DI_2.xml,RemoteIO_DI_2
Bool,true,true,true,%I2101.1,RESERVE_I2101.1,EXPORT/PLC tags/IO/RemoteIO_DI_2.xml,RemoteIO_DI_2
Bool,true,true,true,%I2101.2,RESERVE_I2101.2,EXPORT/PLC tags/IO/RemoteIO_DI_2.xml,RemoteIO_DI_2
Bool,true,true,true,%I2101.3,RESERVE_I2101.3,EXPORT/PLC tags/IO/RemoteIO_DI_2.xml,RemoteIO_DI_2
Bool,true,true,true,%I2101.4,RESERVE_I2101.4,EXPORT/PLC tags/IO/RemoteIO_DI_2.xml,RemoteIO_DI_2
Bool,true,true,true,%I2101.5,RESERVE_I2101.5,EXPORT/PLC tags/IO/RemoteIO_DI_2.xml,RemoteIO_DI_2
Bool,true,true,true,%I2101.6,RESERVE_I2101.6,EXPORT/PLC tags/IO/RemoteIO_DI_2.xml,RemoteIO_DI_2
Bool,true,true,true,%I2101.7,RESERVE_I2101.7,EXPORT/PLC tags/IO/RemoteIO_DI_2.xml,RemoteIO_DI_2
Bool,true,true,true,%I2102.0,iL-UnloadingDetection1,EXPORT/PLC tags/IO/RemoteIO_DI_2.xml,RemoteIO_DI_2
Bool,true,true,true,%I2102.1,iL-UnloadingDetection2,EXPORT/PLC tags/IO/RemoteIO_DI_2.xml,RemoteIO_DI_2
Bool,true,true,true,%I2102.2,iL-UnloadingDetection3,EXPORT/PLC tags/IO/RemoteIO_DI_2.xml,RemoteIO_DI_2
Bool,true,true,true,%I2102.3,L-UnloadinPalletEmptyCheck1,EXPORT/PLC tags/IO/RemoteIO_DI_2.xml,RemoteIO_DI_2
Bool,true,true,true,%I2102.4,L-UnloadinPalletEmptyCheck2,EXPORT/PLC tags/IO/RemoteIO_DI_2.xml,RemoteIO_DI_2
Bool,true,true,true,%I2102.5,L-UnloadinPalletEmptyCheck3,EXPORT/PLC tags/IO/RemoteIO_DI_2.xml,RemoteIO_DI_2
Bool,true,true,true,%I2102.6,L-UnloadinTakeGateDetection,EXPORT/PLC tags/IO/RemoteIO_DI_2.xml,RemoteIO_DI_2
Bool,true,true,true,%I2102.7,RESERVE_I2102.7,EXPORT/PLC tags/IO/RemoteIO_DI_2.xml,RemoteIO_DI_2
Bool,true,true,true,%I2103.0,RESERVE_I2103.0,EXPORT/PLC tags/IO/RemoteIO_DI_2.xml,RemoteIO_DI_2
Bool,true,true,true,%I2103.1,RESERVE_I2103.1,EXPORT/PLC tags/IO/RemoteIO_DI_2.xml,RemoteIO_DI_2
Bool,true,true,true,%I2103.2,RESERVE_I2103.2,EXPORT/PLC tags/IO/RemoteIO_DI_2.xml,RemoteIO_DI_2
Bool,true,true,true,%I2103.3,RESERVE_I2103.3,EXPORT/PLC tags/IO/RemoteIO_DI_2.xml,RemoteIO_DI_2
Bool,true,true,true,%I2103.4,RESERVE_I2103.4,EXPORT/PLC tags/IO/RemoteIO_DI_2.xml,RemoteIO_DI_2
Bool,true,true,true,%I2103.5,RESERVE_I2103.5,EXPORT/PLC tags/IO/RemoteIO_DI_2.xml,RemoteIO_DI_2
Bool,true,true,true,%I2103.6,RESERVE_I2103.6,EXPORT/PLC tags/IO/RemoteIO_DI_2.xml,RemoteIO_DI_2
Bool,true,true,true,%I2103.7,RESERVE_I2103.7,EXPORT/PLC tags/IO/RemoteIO_DI_2.xml,RemoteIO_DI_2
Bool,true,true,true,%I2104.0,iL-UnloadingTransPalletLocationCylinderInWP,EXPORT/PLC tags/IO/RemoteIO_DI_2.xml,RemoteIO_DI_2
Bool,true,true,true,%I2104.1,iL-UnloadingTransPalletLocationCylinderInHP,EXPORT/PLC tags/IO/RemoteIO_DI_2.xml,RemoteIO_DI_2
Bool,true,true,true,%I2104.2,iL-UnloadingTransCylinderInWP,EXPORT/PLC tags/IO/RemoteIO_DI_2.xml,RemoteIO_DI_2
Bool,true,true,true,%I2104.3,iL-UnloadingTransCylinderInHP,EXPORT/PLC tags/IO/RemoteIO_DI_2.xml,RemoteIO_DI_2
Bool,true,true,true,%I2104.4,iL-UnloadingTransplantingPalletInPlaceDetection,EXPORT/PLC tags/IO/RemoteIO_DI_2.xml,RemoteIO_DI_2
Bool,true,true,true,%I2104.5,iL-UnloadingPalletDischargeDetection,EXPORT/PLC tags/IO/RemoteIO_DI_2.xml,RemoteIO_DI_2
Bool,true,true,true,%I2104.6,RESERVE_I2104.6,EXPORT/PLC tags/IO/RemoteIO_DI_2.xml,RemoteIO_DI_2
Bool,true,true,true,%I2104.7,RESERVE_I2104.7,EXPORT/PLC tags/IO/RemoteIO_DI_2.xml,RemoteIO_DI_2
Bool,true,true,true,%Q1000.0,oH-shaftLiftingLiftingCylinderToWP,EXPORT/PLC tags/IO/RemoteIO_DO_1.xml,RemoteIO_DO_1
Bool,true,true,true,%Q1000.1,oH-shaftLiftingLiftingCylinderToHP,EXPORT/PLC tags/IO/RemoteIO_DO_1.xml,RemoteIO_DO_1
Bool,true,true,true,%Q1000.2,oJ-magnetLiftingLiftingCylinderToWP,EXPORT/PLC tags/IO/RemoteIO_DO_1.xml,RemoteIO_DO_1
Bool,true,true,true,%Q1000.3,oJ-magnetLiftingLiftingCylinderToHP,EXPORT/PLC tags/IO/RemoteIO_DO_1.xml,RemoteIO_DO_1
Bool,true,true,true,%Q1000.4,oB-PressFitting-01GripperCylinderToWP,EXPORT/PLC tags/IO/RemoteIO_DO_1.xml,RemoteIO_DO_1
Bool,true,true,true,%Q1000.5,oB-PressFitting-01GripperCylinderToHP,EXPORT/PLC tags/IO/RemoteIO_DO_1.xml,RemoteIO_DO_1
Bool,true,true,true,%Q1000.6,oB-PressFitting-01CylinderToWP,EXPORT/PLC tags/IO/RemoteIO_DO_1.xml,RemoteIO_DO_1
Bool,true,true,true,%Q1000.7,oB-PressFitting-01CylinderToHP,EXPORT/PLC tags/IO/RemoteIO_DO_1.xml,RemoteIO_DO_1
Bool,true,true,true,%Q1001.0,oA-Loading-01HorizontalCylinderToWP,EXPORT/PLC tags/IO/RemoteIO_DO_1.xml,RemoteIO_DO_1
Bool,true,true,true,%Q1001.1,oA-Loading-01HorizontalCylinderToHP,EXPORT/PLC tags/IO/RemoteIO_DO_1.xml,RemoteIO_DO_1
Bool,true,true,true,%Q1001.2,oA-Loading-01UpDownTakeCylinderToWP,EXPORT/PLC tags/IO/RemoteIO_DO_1.xml,RemoteIO_DO_1
Bool,true,true,true,%Q1001.3,oA-Loading-01UpDownTakeCylinderToHP,EXPORT/PLC tags/IO/RemoteIO_DO_1.xml,RemoteIO_DO_1
Bool,true,true,true,%Q1001.4,oC-LocationCylinderToWP,EXPORT/PLC tags/IO/RemoteIO_DO_1.xml,RemoteIO_DO_1
Bool,true,true,true,%Q1001.5,oC-LocationCylinderToHP,EXPORT/PLC tags/IO/RemoteIO_DO_1.xml,RemoteIO_DO_1
Bool,true,true,true,%Q1001.6,oE-NG-01NGLocationCylinderToWP,EXPORT/PLC tags/IO/RemoteIO_DO_1.xml,RemoteIO_DO_1
Bool,true,true,true,%Q1001.7,oE-NG-01NGLocationCylinderToHP,EXPORT/PLC tags/IO/RemoteIO_DO_1.xml,RemoteIO_DO_1
Bool,true,true,true,%Q1002.0,oH-shaftLiftingPalletLocationCylinderToWP,EXPORT/PLC tags/IO/RemoteIO_DO_1.xml,RemoteIO_DO_1
Bool,true,true,true,%Q1002.1,oH-shaftLiftingPalletLocationCylinderToHP,EXPORT/PLC tags/IO/RemoteIO_DO_1.xml,RemoteIO_DO_1
Bool,true,true,true,%Q1002.2,oJ-magnetLiftingPalletLocationCylinderToWP,EXPORT/PLC tags/IO/RemoteIO_DO_1.xml,RemoteIO_DO_1
Bool,true,true,true,%Q1002.3,oJ-magnetLiftingPalletLocationCylinderToHP,EXPORT/PLC tags/IO/RemoteIO_DO_1.xml,RemoteIO_DO_1
Bool,true,true,true,%Q1002.4,RESERVE_Q1002.4,EXPORT/PLC tags/IO/RemoteIO_DO_1.xml,RemoteIO_DO_1
Bool,true,true,true,%Q1002.5,RESERVE_Q1002.5,EXPORT/PLC tags/IO/RemoteIO_DO_1.xml,RemoteIO_DO_1
Bool,true,true,true,%Q1002.6,RESERVE_Q1002.6,EXPORT/PLC tags/IO/RemoteIO_DO_1.xml,RemoteIO_DO_1
Bool,true,true,true,%Q1002.7,RESERVE_Q1002.7,EXPORT/PLC tags/IO/RemoteIO_DO_1.xml,RemoteIO_DO_1
Bool,true,true,true,%Q1006.0,oK-reserveLifting3LiftingCylinderToWP,EXPORT/PLC tags/IO/RemoteIO_DO_1.xml,RemoteIO_DO_1
Bool,true,true,true,%Q1006.1,oK-reserveLifting3LiftingCylinderToHP,EXPORT/PLC tags/IO/RemoteIO_DO_1.xml,RemoteIO_DO_1
Bool,true,true,true,%Q1006.2,oL-UnloadingTransCylinderToWP,EXPORT/PLC tags/IO/RemoteIO_DO_1.xml,RemoteIO_DO_1
Bool,true,true,true,%Q1006.3,oL-UnloadingTransCylinderToHP,EXPORT/PLC tags/IO/RemoteIO_DO_1.xml,RemoteIO_DO_1
Bool,true,true,true,%Q1006.4,oB-PressFitting-02GripperCylinderToWP,EXPORT/PLC tags/IO/RemoteIO_DO_1.xml,RemoteIO_DO_1
Bool,true,true,true,%Q1006.5,oB-PressFitting-02GripperCylinderToHP,EXPORT/PLC tags/IO/RemoteIO_DO_1.xml,RemoteIO_DO_1
Bool,true,true,true,%Q1006.6,oB-PressFitting-02CylinderToWP,EXPORT/PLC tags/IO/RemoteIO_DO_1.xml,RemoteIO_DO_1
Bool,true,true,true,%Q1006.7,oB-PressFitting-02CylinderToHP,EXPORT/PLC tags/IO/RemoteIO_DO_1.xml,RemoteIO_DO_1
Bool,true,true,true,%Q1007.0,oA-Loading-02HorizontalCylinderToWP,EXPORT/PLC tags/IO/RemoteIO_DO_1.xml,RemoteIO_DO_1
Bool,true,true,true,%Q1007.1,oA-Loading-02HorizontalCylinderToHP,EXPORT/PLC tags/IO/RemoteIO_DO_1.xml,RemoteIO_DO_1
Bool,true,true,true,%Q1007.2,oA-Loading-02UpDownTakeCylinderToWP,EXPORT/PLC tags/IO/RemoteIO_DO_1.xml,RemoteIO_DO_1
Bool,true,true,true,%Q1007.3,oA-Loading-02UpDownTakeCylinderToHP,EXPORT/PLC tags/IO/RemoteIO_DO_1.xml,RemoteIO_DO_1
Bool,true,true,true,%Q1007.4,oE-NG-02NGLocationCylinderToWP,EXPORT/PLC tags/IO/RemoteIO_DO_1.xml,RemoteIO_DO_1
Bool,true,true,true,%Q1007.5,oE-NG-02NGLocationCylinderToHP,EXPORT/PLC tags/IO/RemoteIO_DO_1.xml,RemoteIO_DO_1
Bool,true,true,true,%Q1007.6,oK-reserveLifting3PalletLocationCylinderToWP,EXPORT/PLC tags/IO/RemoteIO_DO_1.xml,RemoteIO_DO_1
Bool,true,true,true,%Q1007.7,oK-reserveLifting3PalletLocationCylinderToHP,EXPORT/PLC tags/IO/RemoteIO_DO_1.xml,RemoteIO_DO_1
Bool,true,true,true,%Q1008.0,oL-UnloadingTransPalletLocationCylinderToWP,EXPORT/PLC tags/IO/RemoteIO_DO_1.xml,RemoteIO_DO_1
Bool,true,true,true,%Q1008.1,oL-UnloadingTransPalletLocationCylinderToHP,EXPORT/PLC tags/IO/RemoteIO_DO_1.xml,RemoteIO_DO_1
Bool,true,true,true,%Q1008.2,RESERVE_Q1008.2,EXPORT/PLC tags/IO/RemoteIO_DO_1.xml,RemoteIO_DO_1
Bool,true,true,true,%Q1008.3,RESERVE_Q1008.3,EXPORT/PLC tags/IO/RemoteIO_DO_1.xml,RemoteIO_DO_1
Bool,true,true,true,%Q1008.4,RESERVE_Q1008.4,EXPORT/PLC tags/IO/RemoteIO_DO_1.xml,RemoteIO_DO_1
Bool,true,true,true,%Q1008.5,RESERVE_Q1008.5,EXPORT/PLC tags/IO/RemoteIO_DO_1.xml,RemoteIO_DO_1
Bool,true,true,true,%Q1008.6,RESERVE_Q1008.6,EXPORT/PLC tags/IO/RemoteIO_DO_1.xml,RemoteIO_DO_1
Bool,true,true,true,%Q1008.7,RESERVE_Q1008.7,EXPORT/PLC tags/IO/RemoteIO_DO_1.xml,RemoteIO_DO_1
Bool,true,true,true,%Q1100.0,oF-ROOBT1Gripper1CylinderToWP,EXPORT/PLC tags/IO/RemoteIO_DO_1.xml,RemoteIO_DO_1
Bool,true,true,true,%Q1100.1,oF-ROOBT1Gripper1CylinderToHP,EXPORT/PLC tags/IO/RemoteIO_DO_1.xml,RemoteIO_DO_1
Bool,true,true,true,%Q1100.2,oF-ROOBT1Gripper2CylinderToWP,EXPORT/PLC tags/IO/RemoteIO_DO_1.xml,RemoteIO_DO_1
Bool,true,true,true,%Q1100.3,oF-ROOBT1Gripper2CylinderToHP,EXPORT/PLC tags/IO/RemoteIO_DO_1.xml,RemoteIO_DO_1
Bool,true,true,true,%Q1100.4,RESERVE_Q1100.4,EXPORT/PLC tags/IO/RemoteIO_DO_1.xml,RemoteIO_DO_1
Bool,true,true,true,%Q1100.5,RESERVE_Q1100.5,EXPORT/PLC tags/IO/RemoteIO_DO_1.xml,RemoteIO_DO_1
Bool,true,true,true,%Q1100.6,RESERVE_Q1100.6,EXPORT/PLC tags/IO/RemoteIO_DO_1.xml,RemoteIO_DO_1
Bool,true,true,true,%Q1100.7,RESERVE_Q1100.7,EXPORT/PLC tags/IO/RemoteIO_DO_1.xml,RemoteIO_DO_1
Bool,true,true,true,%Q1102.0,oF-ROOBT2Gripper1CylinderToWP,EXPORT/PLC tags/IO/RemoteIO_DO_1.xml,RemoteIO_DO_1
Bool,true,true,true,%Q1102.1,oF-ROOBT2Gripper1CylinderToHP,EXPORT/PLC tags/IO/RemoteIO_DO_1.xml,RemoteIO_DO_1
Bool,true,true,true,%Q1102.2,oF-ROOBT2Gripper2CylinderToWP,EXPORT/PLC tags/IO/RemoteIO_DO_1.xml,RemoteIO_DO_1
Bool,true,true,true,%Q1102.3,oF-ROOBT2Gripper2CylinderToHP,EXPORT/PLC tags/IO/RemoteIO_DO_1.xml,RemoteIO_DO_1
Bool,true,true,true,%Q1102.4,RESERVE_Q1102.4,EXPORT/PLC tags/IO/RemoteIO_DO_1.xml,RemoteIO_DO_1
Bool,true,true,true,%Q1102.5,RESERVE_Q1102.5,EXPORT/PLC tags/IO/RemoteIO_DO_1.xml,RemoteIO_DO_1
Bool,true,true,true,%Q1102.6,RESERVE_Q1102.6,EXPORT/PLC tags/IO/RemoteIO_DO_1.xml,RemoteIO_DO_1
Bool,true,true,true,%Q1102.7,RESERVE_Q1102.7,EXPORT/PLC tags/IO/RemoteIO_DO_1.xml,RemoteIO_DO_1
Bool,true,true,true,%Q1104.0,oF-ROOBT3Gripper1CylinderToWP,EXPORT/PLC tags/IO/RemoteIO_DO_1.xml,RemoteIO_DO_1
Bool,true,true,true,%Q1104.1,oF-ROOBT3Gripper1CylinderToHP,EXPORT/PLC tags/IO/RemoteIO_DO_1.xml,RemoteIO_DO_1
Bool,true,true,true,%Q1104.2,oF-ROOBT3Gripper2CylinderToWP,EXPORT/PLC tags/IO/RemoteIO_DO_1.xml,RemoteIO_DO_1
Bool,true,true,true,%Q1104.3,oF-ROOBT3Gripper2CylinderToHP,EXPORT/PLC tags/IO/RemoteIO_DO_1.xml,RemoteIO_DO_1
Bool,true,true,true,%Q1104.4,RESERVE_Q1104.4,EXPORT/PLC tags/IO/RemoteIO_DO_1.xml,RemoteIO_DO_1
Bool,true,true,true,%Q1104.5,RESERVE_Q1104.5,EXPORT/PLC tags/IO/RemoteIO_DO_1.xml,RemoteIO_DO_1
Bool,true,true,true,%Q1104.6,RESERVE_Q1104.6,EXPORT/PLC tags/IO/RemoteIO_DO_1.xml,RemoteIO_DO_1
Bool,true,true,true,%Q1104.7,RESERVE_Q1104.7,EXPORT/PLC tags/IO/RemoteIO_DO_1.xml,RemoteIO_DO_1
Bool,true,true,true,%Q2000.0,oH-shaftLoadingStopperCylinder1_ToWP,EXPORT/PLC tags/IO/RemoteIO_DO_2.xml,RemoteIO_DO_2
Bool,true,true,true,%Q2000.1,oH-shaftLoadingStopperCylinder1_ToHP,EXPORT/PLC tags/IO/RemoteIO_DO_2.xml,RemoteIO_DO_2
Bool,true,true,true,%Q2000.2,oH-shaftLoadingStopperCylinder2_ToWP,EXPORT/PLC tags/IO/RemoteIO_DO_2.xml,RemoteIO_DO_2
Bool,true,true,true,%Q2000.3,oH-shaftLoadingStopperCylinder2_ToHP,EXPORT/PLC tags/IO/RemoteIO_DO_2.xml,RemoteIO_DO_2
Bool,true,true,true,%Q2000.4,oH-shaftLoadingStopperCylinder3_ToWP,EXPORT/PLC tags/IO/RemoteIO_DO_2.xml,RemoteIO_DO_2
Bool,true,true,true,%Q2000.5,oH-shaftLoadingStopperCylinder3_ToHP,EXPORT/PLC tags/IO/RemoteIO_DO_2.xml,RemoteIO_DO_2
Bool,true,true,true,%Q2000.6,oH-shaftLoadingStopperCylinder4_ToWP,EXPORT/PLC tags/IO/RemoteIO_DO_2.xml,RemoteIO_DO_2
Bool,true,true,true,%Q2000.7,oH-shaftLoadingStopperCylinder4_ToHP,EXPORT/PLC tags/IO/RemoteIO_DO_2.xml,RemoteIO_DO_2
Bool,true,true,true,%Q2001.0,oH-shaftTakeStopperCylinder1_ToWP,EXPORT/PLC tags/IO/RemoteIO_DO_2.xml,RemoteIO_DO_2
Bool,true,true,true,%Q2001.1,oH-shaftTakeStopperCylinder1_ToHP,EXPORT/PLC tags/IO/RemoteIO_DO_2.xml,RemoteIO_DO_2
Bool,true,true,true,%Q2001.2,oH-shaftTakeStopperCylinder2_ToWP,EXPORT/PLC tags/IO/RemoteIO_DO_2.xml,RemoteIO_DO_2
Bool,true,true,true,%Q2001.3,oH-shaftTakeStopperCylinder2_ToHP,EXPORT/PLC tags/IO/RemoteIO_DO_2.xml,RemoteIO_DO_2
Bool,true,true,true,%Q2001.4,oH-shaftTakeStopperCylinder3_ToWP,EXPORT/PLC tags/IO/RemoteIO_DO_2.xml,RemoteIO_DO_2
Bool,true,true,true,%Q2001.5,oH-shaftTakeStopperCylinder3_ToHP,EXPORT/PLC tags/IO/RemoteIO_DO_2.xml,RemoteIO_DO_2
Bool,true,true,true,%Q2001.6,RESERVE_Q2001.6,EXPORT/PLC tags/IO/RemoteIO_DO_2.xml,RemoteIO_DO_2
Bool,true,true,true,%Q2001.7,RESERVE_Q2001.7,EXPORT/PLC tags/IO/RemoteIO_DO_2.xml,RemoteIO_DO_2
Bool,true,true,true,%Q2006.0,oJ-magnetLoadingStopperCylinder1_ToWP,EXPORT/PLC tags/IO/RemoteIO_DO_2.xml,RemoteIO_DO_2
Bool,true,true,true,%Q2006.1,oJ-magnetLoadingStopperCylinder1_ToHP,EXPORT/PLC tags/IO/RemoteIO_DO_2.xml,RemoteIO_DO_2
Bool,true,true,true,%Q2006.2,oJ-magnetLoadingStopperCylinder2_ToWP,EXPORT/PLC tags/IO/RemoteIO_DO_2.xml,RemoteIO_DO_2
Bool,true,true,true,%Q2006.3,oJ-magnetLoadingStopperCylinder2_ToHP,EXPORT/PLC tags/IO/RemoteIO_DO_2.xml,RemoteIO_DO_2
Bool,true,true,true,%Q2006.4,oJ-magnetLoadingStopperCylinder3_ToWP,EXPORT/PLC tags/IO/RemoteIO_DO_2.xml,RemoteIO_DO_2
Bool,true,true,true,%Q2006.5,oJ-magnetLoadingStopperCylinder3_ToHP,EXPORT/PLC tags/IO/RemoteIO_DO_2.xml,RemoteIO_DO_2
Bool,true,true,true,%Q2006.6,oJ-magnetLoadingStopperCylinder4_ToWP,EXPORT/PLC tags/IO/RemoteIO_DO_2.xml,RemoteIO_DO_2
Bool,true,true,true,%Q2006.7,oJ-magnetLoadingStopperCylinder4_ToHP,EXPORT/PLC tags/IO/RemoteIO_DO_2.xml,RemoteIO_DO_2
Bool,true,true,true,%Q2007.0,oJ-magnetTakeStopperCylinder1_ToWP,EXPORT/PLC tags/IO/RemoteIO_DO_2.xml,RemoteIO_DO_2
Bool,true,true,true,%Q2007.1,oJ-magnetTakeStopperCylinder1_ToHP,EXPORT/PLC tags/IO/RemoteIO_DO_2.xml,RemoteIO_DO_2
Bool,true,true,true,%Q2007.2,oJ-magnetTakeStopperCylinder2_ToWP,EXPORT/PLC tags/IO/RemoteIO_DO_2.xml,RemoteIO_DO_2
Bool,true,true,true,%Q2007.3,oJ-magnetTakeStopperCylinder2_ToHP,EXPORT/PLC tags/IO/RemoteIO_DO_2.xml,RemoteIO_DO_2
Bool,true,true,true,%Q2007.4,oJ-magnetTakeStopperCylinder3_ToWP,EXPORT/PLC tags/IO/RemoteIO_DO_2.xml,RemoteIO_DO_2
Bool,true,true,true,%Q2007.5,oJ-magnetTakeStopperCylinder3_ToHP,EXPORT/PLC tags/IO/RemoteIO_DO_2.xml,RemoteIO_DO_2
Bool,true,true,true,%Q2007.6,RESERVE_Q2007.6,EXPORT/PLC tags/IO/RemoteIO_DO_2.xml,RemoteIO_DO_2
Bool,true,true,true,%Q2007.7,RESERVE_Q2007.7,EXPORT/PLC tags/IO/RemoteIO_DO_2.xml,RemoteIO_DO_2
Bool,true,true,true,%Q2012.0,oK-reserveLoadingStopperCylinder1_ToWP,EXPORT/PLC tags/IO/RemoteIO_DO_2.xml,RemoteIO_DO_2
Bool,true,true,true,%Q2012.1,oK-reserveLoadingStopperCylinder1_ToHP,EXPORT/PLC tags/IO/RemoteIO_DO_2.xml,RemoteIO_DO_2
Bool,true,true,true,%Q2012.2,oK-reserveLoadingStopperCylinder2_ToWP,EXPORT/PLC tags/IO/RemoteIO_DO_2.xml,RemoteIO_DO_2
Bool,true,true,true,%Q2012.3,oK-reserveLoadingStopperCylinder2_ToHP,EXPORT/PLC tags/IO/RemoteIO_DO_2.xml,RemoteIO_DO_2
Bool,true,true,true,%Q2012.4,oK-reserveLoadingStopperCylinder3_ToWP,EXPORT/PLC tags/IO/RemoteIO_DO_2.xml,RemoteIO_DO_2
Bool,true,true,true,%Q2012.5,oK-reserveLoadingStopperCylinder3_ToHP,EXPORT/PLC tags/IO/RemoteIO_DO_2.xml,RemoteIO_DO_2
Bool,true,true,true,%Q2012.6,oK-reserveLoadingStopperCylinder4_ToWP,EXPORT/PLC tags/IO/RemoteIO_DO_2.xml,RemoteIO_DO_2
Bool,true,true,true,%Q2012.7,oK-reserveLoadingStopperCylinder4_ToHP,EXPORT/PLC tags/IO/RemoteIO_DO_2.xml,RemoteIO_DO_2
Bool,true,true,true,%Q2013.0,oK-reserveTakeStopperCylinder1_ToWP,EXPORT/PLC tags/IO/RemoteIO_DO_2.xml,RemoteIO_DO_2
Bool,true,true,true,%Q2013.1,oK-reserveTakeStopperCylinder1_ToHP,EXPORT/PLC tags/IO/RemoteIO_DO_2.xml,RemoteIO_DO_2
Bool,true,true,true,%Q2013.2,oK-reserveTakeStopperCylinder2_ToWP,EXPORT/PLC tags/IO/RemoteIO_DO_2.xml,RemoteIO_DO_2
Bool,true,true,true,%Q2013.3,oK-reserveTakeStopperCylinder2_ToHP,EXPORT/PLC tags/IO/RemoteIO_DO_2.xml,RemoteIO_DO_2
Bool,true,true,true,%Q2013.4,oK-reserveTakeStopperCylinder3_ToWP,EXPORT/PLC tags/IO/RemoteIO_DO_2.xml,RemoteIO_DO_2
Bool,true,true,true,%Q2013.5,oK-reserveTakeStopperCylinder3_ToHP,EXPORT/PLC tags/IO/RemoteIO_DO_2.xml,RemoteIO_DO_2
Bool,true,true,true,%Q2013.6,RESERVE_Q2013.6,EXPORT/PLC tags/IO/RemoteIO_DO_2.xml,RemoteIO_DO_2
Bool,true,true,true,%Q2013.7,RESERVE_Q2013.7,EXPORT/PLC tags/IO/RemoteIO_DO_2.xml,RemoteIO_DO_2
Bool,true,true,true,%Q2018.0,oL-UnloadingStopperCylinder1_ToWP,EXPORT/PLC tags/IO/RemoteIO_DO_2.xml,RemoteIO_DO_2
Bool,true,true,true,%Q2018.1,oL-UnloadingStopperCylinder1_ToHP,EXPORT/PLC tags/IO/RemoteIO_DO_2.xml,RemoteIO_DO_2
Bool,true,true,true,%Q2018.2,oL-UnloadingStopperCylinder2_ToWP,EXPORT/PLC tags/IO/RemoteIO_DO_2.xml,RemoteIO_DO_2
Bool,true,true,true,%Q2018.3,oL-UnloadingStopperCylinder2_ToHP,EXPORT/PLC tags/IO/RemoteIO_DO_2.xml,RemoteIO_DO_2
Bool,true,true,true,%Q2018.4,oL-UnloadingStopperCylinder3_ToWP,EXPORT/PLC tags/IO/RemoteIO_DO_2.xml,RemoteIO_DO_2
Bool,true,true,true,%Q2018.5,oL-UnloadingStopperCylinder3_ToHP,EXPORT/PLC tags/IO/RemoteIO_DO_2.xml,RemoteIO_DO_2
Bool,true,true,true,%Q2018.6,RESERVE_Q2018.6,EXPORT/PLC tags/IO/RemoteIO_DO_2.xml,RemoteIO_DO_2
Bool,true,true,true,%Q2018.7,RESERVE_Q2018.7,EXPORT/PLC tags/IO/RemoteIO_DO_2.xml,RemoteIO_DO_2
